0.018938635,0.022273121,0.026669424,0.87052214,0.027861435,0.019671539,0.014063717,0
0.031304985,0.043007325,0.035745922,0.019829508,0.021396209,0.03803104,0.810685,0
0.7550844,0.04818836,0.04448568,0.049622644,0.024830416,0.04616261,0.031625938,0
0.013602015,0.024796128,0.897781,0.018276505,0.018862465,0.013470826,0.013211139,0
0.017987018,0.02235815,0.9014252,0.018049082,0.015016776,0.012742349,0.012421262,0
0.01476967,0.022653393,0.9038409,0.018251507,0.01819699,0.011562103,0.010725543,0
0.048068933,0.026657494,0.048463985,0.04550079,0.06273614,0.70021474,0.068358004,0
0.034619637,0.044288784,0.023323474,0.02354363,0.034135334,0.033116467,0.8069727,0
0.02452965,0.8617869,0.029335156,0.02804466,0.015585669,0.011968309,0.028749662,0
0.020195678,0.025096945,0.024351519,0.86521685,0.035293218,0.018139122,0.011706656,0
0.021078229,0.021833517,0.0232129,0.86592907,0.032214038,0.022507941,0.013224268,0
0.023452386,0.86039954,0.032850288,0.024594784,0.015030568,0.012024363,0.03164811,0
0.019084081,0.02803867,0.02770529,0.8683445,0.022305705,0.019969702,0.014552146,0
0.022415096,0.018438173,0.04157432,0.050146446,0.81371814,0.026451934,0.02725581,0
0.013523541,0.030934397,0.89373523,0.013293496,0.02484611,0.01233204,0.011335061,0
0.025984146,0.86202353,0.033817984,0.021650935,0.014649138,0.012016571,0.029857647,0
0.026806219,0.038062032,0.06668803,0.019169064,0.03991402,0.034107503,0.7752531,0
0.775618,0.0371546,0.04488043,0.04530843,0.024043422,0.04039867,0.03259655,0
0.021231493,0.84978616,0.055787552,0.025060182,0.013734682,0.010392136,0.024007821,0
0.018511498,0.021988058,0.029479006,0.8650487,0.028633516,0.023520852,0.012818346,0
0.018782942,0.019440817,0.036449414,0.070156775,0.7961223,0.029890325,0.02915743,0
0.014939843,0.022665605,0.9032897,0.017125621,0.01850303,0.011429491,0.012046647,0
0.014219298,0.02487991,0.89668274,0.017625827,0.0234171,0.010721882,0.012453225,0
0.016963411,0.02747303,0.90035087,0.015018174,0.019068709,0.011050124,0.010075752,0
0.013858715,0.021654345,0.90262854,0.020155303,0.019236183,0.011869501,0.010597337,0
0.061763078,0.030741986,0.04700426,0.05202731,0.058282036,0.70006096,0.050120294,0
0.021047888,0.025115024,0.03143805,0.8666758,0.023453161,0.019238424,0.013031616,0
0.03551127,0.03425922,0.03354061,0.02137164,0.028411698,0.03709807,0.8098075,0
0.019886127,0.023126429,0.8872737,0.029016329,0.016985506,0.01137027,0.012341552,0
0.01687625,0.019916434,0.8988342,0.019239355,0.01824344,0.013151853,0.013738523,0
0.015303027,0.023721393,0.90437645,0.01645771,0.015929142,0.011250585,0.012961539,0
0.0133903,0.02358713,0.9030251,0.019146785,0.017909706,0.011115732,0.011825353,0
0.025349991,0.8621319,0.032063708,0.027799783,0.014014289,0.01159037,0.02705003,0
0.028838966,0.86170954,0.03301453,0.025575785,0.015053531,0.012203605,0.023604108,0
0.028294524,0.8372622,0.033493973,0.03267014,0.035834257,0.010851466,0.021593485,0
0.029812811,0.018833889,0.052606072,0.041114744,0.80978405,0.026708346,0.021140072,0
0.03411328,0.031340864,0.03162957,0.046486836,0.054085296,0.63244,0.16990413,0
0.022323433,0.8588048,0.0344191,0.025382433,0.017957361,0.012103265,0.029009558,0
0.02172079,0.024031678,0.023669831,0.8704515,0.023723166,0.021990081,0.014412971,0
0.030504176,0.037546393,0.030318048,0.024673628,0.029722054,0.040283605,0.80695206,0
0.013910077,0.023526303,0.9029897,0.016125895,0.017948866,0.013612987,0.011886141,0
0.019560874,0.025828937,0.019051474,0.8665752,0.028700134,0.02390867,0.016374651,0
0.02627098,0.86162704,0.03259939,0.028256988,0.016547503,0.012345021,0.022353075,0
0.04022797,0.026718805,0.029317318,0.04623395,0.77580774,0.045250803,0.036443505,0
0.03198944,0.041906066,0.03401236,0.020543303,0.02924734,0.031564564,0.8107369,0
0.037343755,0.8181431,0.041840874,0.048324935,0.023552157,0.010281664,0.02051348,0
0.020641662,0.024254477,0.02230674,0.87076396,0.028794855,0.018771363,0.014466958,0
0.027011393,0.86063105,0.038749207,0.026469575,0.013444878,0.011413606,0.022280276,0
0.7600772,0.050384723,0.0584811,0.032663774,0.025583304,0.03545564,0.037354212,0
0.017771654,0.027629139,0.8938668,0.014567342,0.018979058,0.011951036,0.015235049,0
0.021384887,0.026054325,0.021557648,0.8697419,0.027913658,0.020878922,0.01246858,0
0.023552021,0.018469563,0.03732794,0.049015287,0.8187784,0.026519112,0.026337747,0
0.017346533,0.06914928,0.043090597,0.041328426,0.76805466,0.026458884,0.034571584,0
0.015616484,0.020985153,0.90035534,0.018397627,0.01873941,0.012367938,0.013538006,0
0.013972349,0.02848321,0.8980415,0.016383694,0.02285891,0.01097925,0.009281172,0
0.025352461,0.020328695,0.0668429,0.055790722,0.78467834,0.027735531,0.019271305,0
0.77723265,0.042909764,0.036926072,0.036312398,0.02782759,0.041591592,0.03719989,0
0.020741487,0.026809603,0.89618826,0.01892356,0.014017947,0.01183448,0.011484623,0
0.016394593,0.025386954,0.90196806,0.018978026,0.015696727,0.011312657,0.010262948,0
0.016312454,0.023258835,0.90262485,0.019093899,0.01541731,0.011560915,0.011731657,0
0.015613953,0.021401517,0.9045199,0.01794292,0.01722677,0.011997961,0.011297035,0
0.015756153,0.024175774,0.89528,0.02107665,0.01935139,0.010268782,0.014091207,0
0.014905185,0.019388812,0.8999091,0.023120146,0.018041069,0.013911471,0.010724199,0
0.019237697,0.02648415,0.025441302,0.8688282,0.026320204,0.020632379,0.013056132,0
0.032355174,0.03216137,0.025786603,0.022867113,0.027196538,0.04878253,0.8108507,0
0.045296684,0.032179434,0.05409195,0.023571085,0.03110127,0.04246985,0.7712897,0
0.024801577,0.86339444,0.03299876,0.027415337,0.013393592,0.012878766,0.025117615,0
0.0267085,0.8608015,0.029392466,0.029118795,0.012419366,0.011449901,0.030109419,0
0.013208959,0.025513675,0.9028507,0.018616112,0.015206363,0.012061831,0.012542336,0
0.01990624,0.019873306,0.03731187,0.049692042,0.8143318,0.032510094,0.026374562,0
0.022037372,0.027844585,0.025142776,0.85790884,0.03126026,0.022898434,0.012907637,0
0.024582522,0.8569449,0.033521723,0.030398006,0.015705151,0.014554121,0.024293613,0
0.029831763,0.034660056,0.02741257,0.024035765,0.029775826,0.037515655,0.81676835,0
0.01973111,0.02354104,0.02479283,0.86904204,0.026930101,0.022729056,0.013233956,0
0.013320079,0.024791842,0.90315574,0.018052433,0.017803973,0.012215933,0.010660002,0
0.024944458,0.86359334,0.032138515,0.027868701,0.015736032,0.011062061,0.024656763,0
0.022925947,0.8619608,0.0348423,0.025778025,0.013705027,0.010650425,0.03013756,0
0.742655,0.034814045,0.03037595,0.070049554,0.024088807,0.044437163,0.053579524,0
0.015516217,0.023773324,0.90399235,0.014918321,0.01881685,0.010989333,0.011993548,0
0.018824002,0.026350982,0.025872812,0.86604697,0.032717366,0.019229084,0.010958832,0
0.019380743,0.022153711,0.027305143,0.8682157,0.029334746,0.02114558,0.012464423,0
0.025424179,0.048397824,0.023855003,0.02427787,0.0275679,0.041163687,0.8093135,0
0.015402523,0.02347592,0.9027784,0.018286157,0.01819006,0.010821326,0.011045513,0
0.014384407,0.027840702,0.8998322,0.01417499,0.02001701,0.012467093,0.011283635,0
0.020662738,0.8459844,0.05434143,0.023361858,0.017405502,0.010193693,0.028050395,0
0.017214525,0.020690626,0.8979943,0.022953933,0.01443511,0.013347499,0.013364045,0
0.016672693,0.01984511,0.9032685,0.017490005,0.017460648,0.012520976,0.012741991,0
0.0336556,0.85175204,0.036124494,0.022647394,0.018629681,0.013851595,0.023339119,0
0.03796853,0.048223663,0.034089766,0.045741096,0.76539016,0.044321783,0.024264961,0
0.77081054,0.042792533,0.03771643,0.038785566,0.029537957,0.03679778,0.043559197,0
0.024612162,0.022835905,0.025005285,0.8673751,0.025044924,0.021634059,0.013492562,0
0.032304574,0.85768205,0.033476155,0.026850378,0.012749223,0.011201184,0.02573648,0
0.015811656,0.02163189,0.902858,0.018384064,0.018707136,0.011988944,0.010618446,0
0.02118233,0.02164029,0.89026374,0.026087828,0.014670333,0.013915087,0.012240484,0
0.05522214,0.0298179,0.049427874,0.04009079,0.053030405,0.6865035,0.08590735,0
0.014250288,0.02889155,0.90054756,0.015918,0.018667204,0.010113537,0.011611783,0
0.77435267,0.044728316,0.033657804,0.041810557,0.032219265,0.039377324,0.033854187,0
0.023928957,0.8627769,0.029398192,0.030362012,0.015212694,0.012709531,0.0256118,0
0.033690173,0.033432327,0.02649365,0.026534295,0.026928589,0.039965805,0.81295514,0
0.023779958,0.86095685,0.032492965,0.030232515,0.01485028,0.010469637,0.02721772,0
0.74705356,0.041219316,0.038931813,0.030817658,0.025697183,0.05456098,0.06171944,0
0.024266098,0.020385044,0.0390338,0.04993135,0.79858947,0.044903655,0.022890572,0
0.04385631,0.03809652,0.04660252,0.041467123,0.05189219,0.69380945,0.08427582,0
0.017343491,0.018781109,0.045314405,0.050941665,0.80039626,0.027323257,0.039899837,0
0.022700751,0.023557354,0.018759837,0.8659843,0.03070153,0.02191637,0.016379885,0
0.014433559,0.023567418,0.90011835,0.017725404,0.018142639,0.014188331,0.011824449,0
0.022657353,0.8630963,0.032523528,0.028916286,0.013947799,0.013167475,0.02569143,0
0.784118,0.043694835,0.03838954,0.038323563,0.02558885,0.03830087,0.031584326,0
0.02572024,0.03644785,0.03533144,0.023960706,0.031332195,0.037029237,0.8101784,0
0.024394669,0.86102617,0.036418125,0.023691975,0.015648266,0.011057913,0.027762908,0
0.020684782,0.021763835,0.89093536,0.01718161,0.02087417,0.013538218,0.015021985,0
0.023547169,0.019390775,0.03649172,0.056905568,0.8105479,0.029933348,0.023183573,0
0.050622847,0.031146005,0.037838407,0.07332392,0.050658874,0.6772579,0.079152,0
0.7614615,0.03294734,0.037234627,0.060876727,0.022170879,0.044385243,0.04092357,0
0.77008724,0.040443163,0.04050304,0.045238614,0.023061723,0.04609475,0.034571443,0
0.017202802,0.028293304,0.023332998,0.86955416,0.025813632,0.019320127,0.016482892,0
0.02470284,0.86166185,0.037091646,0.02552764,0.012496484,0.012952154,0.025567444,0
0.019268557,0.025117578,0.024077453,0.8703721,0.025765711,0.020254472,0.015144118,0
0.03725202,0.022599814,0.04202556,0.09614114,0.7556365,0.029149795,0.017195173,0
0.022776466,0.02644876,0.022229962,0.86647314,0.027619598,0.021523016,0.012929084,0
0.04165767,0.027472323,0.041884948,0.021566208,0.028663041,0.045741018,0.79301476,0
0.021279827,0.025623236,0.021744529,0.8680191,0.031355534,0.019826924,0.012150868,0
0.024048597,0.017647862,0.037929554,0.052338347,0.815417,0.03024782,0.022370845,0
0.022792794,0.02418246,0.02336407,0.86718327,0.023623535,0.020851364,0.018002458,0
0.03781871,0.03114334,0.03502757,0.025187712,0.020034736,0.045076214,0.80571175,0
0.024905615,0.01808268,0.03266701,0.069343194,0.7968131,0.028995018,0.029193431,0
0.017278273,0.019687576,0.8935305,0.023676556,0.022171544,0.011858592,0.011797098,0
0.015522781,0.021779753,0.88986266,0.018144313,0.03385017,0.00975622,0.011084028,0
0.015910966,0.023005325,0.9000793,0.019962972,0.018120006,0.012794896,0.010126428,0
0.017218286,0.021923734,0.8974153,0.019457085,0.01728901,0.011011065,0.015685523,0
0.017115926,0.022648202,0.90060174,0.019131092,0.013213789,0.013378662,0.013910486,0
0.021634556,0.02067719,0.037132926,0.053207412,0.8132009,0.025877194,0.028269915,0
0.023076745,0.017493831,0.05265006,0.04936154,0.80703956,0.027241714,0.02313666,0
0.017393135,0.022687282,0.8961928,0.017252514,0.022524122,0.011311519,0.012638639,0
0.018407017,0.04194417,0.02434729,0.8495564,0.026977547,0.02555702,0.013210548,0
0.022228984,0.021283455,0.020223957,0.8680054,0.028248042,0.02243861,0.017571487,0
0.023200173,0.8539641,0.037340287,0.028679304,0.013250157,0.011445734,0.03212017,0
0.017639035,0.0272072,0.02581982,0.8670708,0.02920982,0.020061696,0.01299157,0
0.021221891,0.027501611,0.023683058,0.8628397,0.030197805,0.02270685,0.011849052,0
0.030365104,0.85824364,0.036836814,0.024929274,0.016133675,0.010699946,0.022791486,0
0.024149014,0.8626635,0.035894718,0.028085418,0.015480531,0.011301851,0.022424921,0
0.029815255,0.026255997,0.042827886,0.040454805,0.7977591,0.030320067,0.032566864,0
0.018016044,0.030046513,0.8782704,0.024099195,0.03218366,0.009665306,0.007718952,0
0.019480092,0.022291346,0.8995949,0.017337259,0.017555851,0.011812958,0.011927685,0
0.0255869,0.86240774,0.033982035,0.029652564,0.013751775,0.01081878,0.023800272,0
0.031406187,0.03184181,0.027539939,0.026368923,0.027966095,0.04023956,0.8146375,0
0.036021594,0.046595164,0.031552844,0.024794618,0.021123175,0.030881172,0.8090314,0
0.026036052,0.020817248,0.058089137,0.04259163,0.80396307,0.027017469,0.021485364,0
0.021265635,0.025479192,0.025102727,0.8652536,0.028682886,0.021932384,0.012283444,0
0.7769081,0.04092845,0.041383866,0.04429458,0.025109291,0.04077658,0.030599147,0
0.018634988,0.024786875,0.028660102,0.8619923,0.025786031,0.02464151,0.015498188,0
0.016400015,0.020356515,0.8976831,0.016419066,0.022822896,0.011033006,0.015285358,0
0.021408172,0.026487645,0.023637563,0.8620836,0.032512516,0.020793876,0.013076635,0
0.03334717,0.036132492,0.026757976,0.022874838,0.030740865,0.037040897,0.81310576,0
0.014688777,0.022899518,0.90111786,0.019512946,0.017066898,0.010367372,0.014346542,0
0.01573412,0.030686619,0.89618593,0.018084332,0.019014835,0.009907844,0.010386236,0
0.022084506,0.02480357,0.022752125,0.8683285,0.027430698,0.02091418,0.013686504,0
0.024684863,0.022810934,0.023310924,0.8632589,0.029786805,0.020421043,0.015726592,0
0.014422736,0.021587912,0.90188795,0.020776553,0.019711656,0.011061623,0.010551532,0
0.026099455,0.82673067,0.028133292,0.035742823,0.04147075,0.014657931,0.02716506,0
0.059856612,0.7432079,0.08665588,0.027116582,0.02524154,0.0163743,0.041547235,0
0.021357823,0.022151938,0.023909308,0.8690385,0.025905026,0.02230204,0.015335294,0
0.04116072,0.05040945,0.029069789,0.018527135,0.028422741,0.0391337,0.7932764,0
0.015777903,0.021525562,0.9034796,0.01713693,0.018637497,0.011527226,0.011915323,0
0.04739544,0.025537401,0.04333205,0.047057416,0.056526784,0.6987166,0.081434436,0
0.026235366,0.8619705,0.037102632,0.026926817,0.015091617,0.010333292,0.022339728,0
0.76176256,0.05884167,0.032705728,0.03221665,0.023121502,0.046564177,0.044787668,0
0.01294532,0.029177532,0.8784821,0.016267398,0.028519172,0.02224318,0.012365348,0
0.015847819,0.019297548,0.89412355,0.013969481,0.02445238,0.015005079,0.017304014,0
0.02014666,0.8565128,0.034167565,0.029130591,0.013152867,0.014351319,0.032538258,0
0.022379061,0.019426376,0.026197797,0.8611972,0.033451833,0.021409549,0.015938181,0
0.016671134,0.023820912,0.89914066,0.013733111,0.021971747,0.012924703,0.011737796,0
0.039163224,0.032157935,0.04063481,0.024251541,0.027062193,0.037507184,0.7992232,0
0.016746959,0.024838274,0.89957076,0.017544178,0.01649615,0.011104794,0.013698788,0
0.027850054,0.03667132,0.02784923,0.025565337,0.037279837,0.034759227,0.81002504,0
0.77554303,0.036568306,0.0435432,0.039709456,0.02816412,0.04176735,0.034704447,0
0.025782458,0.86187625,0.031600427,0.032056164,0.013977242,0.011828662,0.022878738,0
0.035458803,0.033109065,0.027310085,0.025456356,0.031274837,0.036027975,0.8113629,0
0.014424147,0.022344748,0.903053,0.018663025,0.019968318,0.011113287,0.010433577,0
0.019360034,0.023627548,0.025830628,0.8656504,0.032331657,0.019335305,0.013864336,0
0.023814946,0.8632049,0.032218724,0.029404847,0.014272039,0.011399364,0.025685206,0
0.024512244,0.02401713,0.022666385,0.8669715,0.028193962,0.020549698,0.013089093,0
0.037468087,0.033073355,0.0273063,0.021181127,0.030025853,0.04047693,0.8104683,0
0.026115118,0.859266,0.040320925,0.021919284,0.01520652,0.011360454,0.025811631,0
0.026602987,0.85781366,0.03776744,0.023667071,0.014322652,0.010878925,0.028947178,0
0.01860195,0.024149213,0.892701,0.014845955,0.024229221,0.012032566,0.013440007,0
0.024213692,0.024533555,0.022305952,0.861576,0.03273048,0.017887512,0.016752936,0
0.023034254,0.026682604,0.025196938,0.86811113,0.024672592,0.019316288,0.012986266,0
0.7807489,0.048509654,0.037179332,0.03644612,0.021802006,0.039050475,0.03626363,0
0.035323214,0.035707016,0.029778607,0.021541044,0.026773637,0.036200855,0.8146756,0
0.017756082,0.023102809,0.026400514,0.86896396,0.027606333,0.021411153,0.014759121,0
0.018618312,0.026401104,0.8946801,0.02361175,0.017352453,0.010514297,0.00882214,0
0.024552139,0.862514,0.032496694,0.02740266,0.012869468,0.01269839,0.027466582,0
0.01469219,0.022457296,0.90131694,0.0175355,0.017834008,0.011430945,0.014733182,0
0.024645092,0.761973,0.068927795,0.027774937,0.06667021,0.018617371,0.031391688,0
0.03433612,0.041451074,0.02933102,0.016689153,0.025039796,0.042959597,0.81019324,0
0.03140661,0.8571231,0.036988646,0.023872914,0.012796466,0.01158546,0.026226869,0
0.024672868,0.85972655,0.042825792,0.025663596,0.013579452,0.00997139,0.023560291,0
0.039020624,0.0277794,0.057064664,0.06690005,0.072530486,0.66174346,0.07496131,0
0.017754372,0.022161637,0.896772,0.021998636,0.017909613,0.013816109,0.009587628,0
0.015070083,0.022792678,0.90290433,0.01716204,0.017981663,0.012448433,0.011640827,0
0.7596486,0.03635993,0.035073284,0.04821029,0.0321732,0.049858566,0.038676064,0
0.015268312,0.022565242,0.90378463,0.01765444,0.01778042,0.012668249,0.010278638,0
0.016147293,0.022732468,0.899302,0.017772473,0.019953912,0.012809138,0.011282769,0
0.02228233,0.019351529,0.044094086,0.04629963,0.8148953,0.027951997,0.025125148,0
0.02882818,0.85564417,0.033736493,0.020901807,0.015094687,0.012844127,0.032950502,0
0.022035101,0.860578,0.038974635,0.023151504,0.016129764,0.011049281,0.028081747,0
0.76356274,0.037215665,0.05293582,0.03450954,0.022215813,0.035581794,0.053978536,0
0.01603532,0.02159094,0.8963163,0.018391907,0.023429016,0.012566562,0.011669884,0
0.02572626,0.023067798,0.05890041,0.042355567,0.7952667,0.03168923,0.022994176,0
0.015580054,0.024179177,0.90253335,0.0174491,0.017856298,0.011041388,0.011360552,0
0.028023966,0.8612366,0.03280069,0.028596977,0.013926236,0.011145154,0.024270346,0
0.75721735,0.05784884,0.045752194,0.035424724,0.028410988,0.032295924,0.04305004,0
0.043018974,0.031994503,0.028452678,0.022862451,0.024653535,0.056479048,0.7925388,0
0.01922222,0.023370873,0.022001602,0.870499,0.027372856,0.021854168,0.015679229,0
0.75391155,0.053551145,0.04484995,0.036248196,0.024640052,0.034017067,0.052782025,0
0.02329406,0.024823181,0.02307368,0.86421245,0.0336361,0.018454015,0.012506496,0
0.7731001,0.03996474,0.043776225,0.04771068,0.023381595,0.041115634,0.030951012,0
0.030675389,0.8544296,0.04280491,0.023349345,0.014306737,0.01150986,0.022924082,0
0.020280322,0.024865275,0.027244115,0.8656078,0.026718434,0.019549243,0.015734848,0
0.020639848,0.018889153,0.77469313,0.10753254,0.044930007,0.023428189,0.009887128,1
0.24944618,0.019497994,0.5579031,0.05179212,0.054022778,0.036873903,0.030463902,1
0.019920187,0.063674025,0.15414366,0.69618887,0.017325837,0.023108905,0.025638444,1
0.022747427,0.039849456,0.8604299,0.027183957,0.021866579,0.008470578,0.019452235,1
0.017508646,0.03500152,0.67291546,0.016408747,0.07843556,0.030769989,0.14896,1
0.029109351,0.08811839,0.025752,0.7917351,0.028198529,0.013846068,0.023240514,1
0.020134162,0.027108602,0.0380851,0.8531699,0.021547297,0.020163033,0.01979184,1
0.1476494,0.59389853,0.0384977,0.037165966,0.12293585,0.023657277,0.036195304,1
0.022280306,0.84598935,0.033156473,0.033066817,0.016706835,0.017908338,0.030891838,1
0.031258486,0.05949099,0.21196875,0.065837264,0.5153096,0.044010743,0.07212414,1
0.031938065,0.019269064,0.8184914,0.038124714,0.050001785,0.015570711,0.026604168,1
0.023639947,0.080861375,0.057922006,0.0278189,0.057607424,0.11742355,0.6347268,1
0.04416991,0.036263347,0.847242,0.017552352,0.010588479,0.020620978,0.023562986,1
0.024863146,0.023950387,0.062993556,0.8000549,0.033496827,0.030316785,0.024324229,1
0.03765833,0.46964324,0.34752384,0.08687555,0.024679847,0.019398693,0.01422047,1
0.07716312,0.19856972,0.03391298,0.027403884,0.055805348,0.07275229,0.53439265,1
0.024001531,0.024753368,0.89243484,0.015927594,0.013785894,0.012756611,0.016340254,1
0.015420392,0.025295563,0.8965078,0.022195393,0.016592162,0.011978085,0.012010554,1
0.034310058,0.084912844,0.053000603,0.71065253,0.06504918,0.011634943,0.040439885,1
0.026127312,0.025798248,0.8837053,0.02123595,0.014041713,0.012109424,0.016982079,1
0.017912652,0.83905095,0.029195132,0.03948842,0.020906981,0.016481858,0.03696404,1
0.05331089,0.05044479,0.084593296,0.027457269,0.02831579,0.1175127,0.6383652,1
0.01755973,0.023690134,0.8775698,0.014757185,0.036958028,0.011955156,0.017509967,1
0.039381463,0.21701317,0.54504424,0.028520497,0.102417596,0.04553331,0.022089701,1
0.03340879,0.025362117,0.026277361,0.85142165,0.02151794,0.0269103,0.015101829,1
0.021518297,0.029075386,0.035317622,0.8470732,0.03997263,0.018875321,0.008167588,1
0.019843295,0.18825127,0.24887832,0.03442361,0.03271863,0.09393994,0.38194495,1
0.019991836,0.03217974,0.017756764,0.8657406,0.025596844,0.022119312,0.016614994,1
0.01640735,0.6691764,0.038584515,0.052067615,0.06186706,0.03428466,0.1276124,1
0.029755699,0.8492077,0.03841449,0.0242453,0.013136677,0.012605912,0.032634195,1
0.01991235,0.034923818,0.036773656,0.834897,0.04524268,0.019712426,0.008538047,1
0.013647402,0.02341679,0.8924036,0.022193395,0.020570984,0.01351299,0.014254898,1
0.02969531,0.85497004,0.033114552,0.031068727,0.015640136,0.014383224,0.021128125,1
0.19980852,0.20974272,0.04966985,0.026637563,0.021412672,0.07478806,0.41794062,1
0.031280972,0.84443027,0.04049076,0.021129644,0.011134478,0.01162251,0.039911367,1
0.24031472,0.43329456,0.06147109,0.022229811,0.015829455,0.10348958,0.123370804,1
0.20252304,0.086537175,0.11224439,0.025918033,0.01633287,0.25372726,0.30271724,1
0.025586665,0.026124021,0.88800836,0.015120937,0.020048754,0.01050302,0.01460834,1
0.052956294,0.030338485,0.023981595,0.026111266,0.052956596,0.078243345,0.7354124,1
0.70689136,0.028840002,0.03693405,0.07894724,0.054393012,0.0633996,0.030594759,1
0.023103079,0.028437734,0.037897322,0.856099,0.020588232,0.021190956,0.012683558,1
0.024998834,0.06902625,0.07124798,0.72988635,0.07090318,0.011200078,0.02273728,1
0.24341284,0.054974906,0.077208385,0.014374355,0.031484995,0.095525816,0.48301876,1
0.013681459,0.038797077,0.8818827,0.02681003,0.013451735,0.010439909,0.014937104,1
0.019671483,0.8357007,0.035884943,0.023920767,0.029269706,0.014985737,0.040566742,1
0.01864544,0.85251045,0.0407715,0.033437546,0.017253807,0.013439027,0.02394209,1
0.027775824,0.0314758,0.014052643,0.84749097,0.03571462,0.023455964,0.020034194,1
0.0508257,0.036798276,0.07684212,0.04162573,0.039904054,0.07384988,0.6801542,1
0.025862249,0.30729288,0.54164255,0.043032672,0.054380525,0.01732924,0.010459954,1
0.014131504,0.016097574,0.058000047,0.08678797,0.7570393,0.038743373,0.029200217,1
0.02823422,0.022721926,0.023289628,0.80816346,0.04733956,0.04047919,0.02977204,1
0.01662805,0.01819989,0.8854328,0.029103227,0.019923884,0.013548438,0.01716368,1
0.030202586,0.042848025,0.021776868,0.8195529,0.030279685,0.015660202,0.039679885,1
0.023791833,0.85144544,0.03499872,0.02810809,0.021159228,0.012406635,0.02809009,1
0.07060376,0.037217088,0.06732243,0.034469396,0.021341039,0.115638986,0.6534072,1
0.0288379,0.05190103,0.15819456,0.07315274,0.044158764,0.048806228,0.5949488,1
0.029279603,0.039043993,0.027752275,0.022258997,0.050852053,0.04247665,0.78833646,1
0.734737,0.05185762,0.04715709,0.054306254,0.020044457,0.03500624,0.056891326,1
0.018305326,0.033833478,0.042358834,0.11527335,0.5886306,0.06984575,0.13175261,1
0.017903756,0.024719147,0.89554167,0.02292495,0.016035547,0.01221994,0.010654961,1
0.74022216,0.06007281,0.044893574,0.064574234,0.021686336,0.039444115,0.029106798,1
0.026727134,0.85974795,0.032625347,0.027989632,0.016712211,0.012315244,0.023882484,1
0.027261224,0.027198842,0.8453554,0.020301146,0.028246496,0.022087371,0.029549463,1
0.020433161,0.81012,0.046126723,0.027786575,0.02218194,0.017448308,0.055903222,1
0.049621314,0.030957695,0.08177228,0.09381933,0.6899902,0.03143813,0.022400985,1
0.21273239,0.17185216,0.04860161,0.101132765,0.07675709,0.3544509,0.034473013,1
0.010368067,0.026127229,0.8855516,0.02405961,0.030831631,0.010987468,0.012074275,1
0.020612525,0.052898295,0.84764963,0.02511723,0.031771768,0.010490595,0.011460061,1
0.010290266,0.11384672,0.67863834,0.052186962,0.03148238,0.03439602,0.07915926,1
0.058973502,0.069246404,0.10610807,0.04065588,0.6520364,0.039244432,0.033735305,1
0.020911993,0.052424576,0.04782505,0.046337828,0.056226775,0.046863277,0.72941047,1
0.021849645,0.791169,0.089662306,0.044740807,0.028544012,0.010333353,0.01370087,1
0.02293115,0.024154132,0.042072177,0.061040804,0.7730537,0.031891454,0.044856537,1
0.012895657,0.033669796,0.6925519,0.111715265,0.097268194,0.037056368,0.014842832,1
0.021970173,0.08642159,0.5183053,0.11074709,0.057560652,0.016620222,0.18837498,1
0.023501294,0.029115252,0.034823135,0.85614383,0.021896744,0.019139476,0.01538027,1
0.01991165,0.025479427,0.046893097,0.8386869,0.03439536,0.023896556,0.010737034,1
0.74539065,0.06113039,0.040477287,0.043162234,0.016672814,0.04191975,0.05124684,1
0.018214732,0.036360897,0.036825944,0.8360285,0.034366835,0.025631262,0.012571818,1
0.02408735,0.8603061,0.032593753,0.026601795,0.013755703,0.01124307,0.031412236,1
0.03857765,0.24349512,0.15696117,0.10700495,0.38831362,0.020619916,0.045027513,1
0.025463833,0.118930824,0.71602744,0.014405284,0.031657334,0.039052837,0.054462414,1
0.15211166,0.027099265,0.036612246,0.025215512,0.06865962,0.0934027,0.596899,1
0.025343627,0.033491828,0.1559461,0.65608287,0.07140858,0.02476451,0.032962523,1
0.19092587,0.101031095,0.036114156,0.034290053,0.057522614,0.4856,0.09451616,1
0.028229846,0.85977644,0.038386345,0.026518025,0.013481475,0.011533273,0.022074662,1
0.11692356,0.042406853,0.19052735,0.039558064,0.485671,0.067217425,0.05769568,1
0.110623635,0.023304231,0.3430648,0.065078,0.044246823,0.36230612,0.051376455,1
0.6752448,0.035031673,0.07853689,0.115032785,0.03478298,0.041815124,0.019555688,1
0.08843672,0.037715927,0.0802628,0.033342905,0.030238079,0.48446548,0.24553804,1
0.06771902,0.042427335,0.04566263,0.07320936,0.053837694,0.65695727,0.06018675,1
0.027736474,0.031818885,0.021129875,0.03674637,0.042066008,0.041970287,0.79853207,1
0.036941577,0.21383423,0.63966614,0.019092895,0.038544074,0.038212184,0.013708899,1
0.041752424,0.027937299,0.71483815,0.09078134,0.050792214,0.046709675,0.027188862,1
0.08831056,0.11512564,0.15233585,0.028409645,0.027213423,0.051992122,0.5366128,1
0.09755381,0.033110615,0.38848156,0.021837572,0.026965592,0.048634637,0.38341618,1
0.051693343,0.03453792,0.057192225,0.06699689,0.7431531,0.02017074,0.026255818,1
0.022501705,0.8584275,0.035280906,0.025744425,0.014784302,0.014100715,0.02916049,1
0.01852633,0.030572077,0.88104975,0.027357753,0.024079572,0.009043022,0.009371524,1
0.03647041,0.039704956,0.037411608,0.026802035,0.035376355,0.061236866,0.76299775,1
0.06830346,0.031178948,0.033897143,0.081789106,0.70427406,0.048014175,0.032543134,1
0.0293885,0.030227363,0.15759256,0.033260692,0.6025362,0.10091455,0.046080116,1
0.7724769,0.036061324,0.03888645,0.04072792,0.027662957,0.044126455,0.040058043,1
0.02507248,0.026895607,0.057416897,0.039608005,0.74938816,0.042342983,0.059275888,1
0.06832829,0.09919228,0.031673845,0.03320732,0.10151561,0.28665185,0.3794308,1
0.03960934,0.048610073,0.053090435,0.026296187,0.041685298,0.062350634,0.728358,1
0.025593158,0.034378562,0.8785209,0.0214306,0.022207223,0.008041869,0.009827789,1
0.016016504,0.025319163,0.030080203,0.8631601,0.033641495,0.018926911,0.012855718,1
0.024331842,0.02700796,0.023775311,0.851779,0.03125972,0.023853922,0.017992282,1
0.022891236,0.023779409,0.88508844,0.026134636,0.015407948,0.012874884,0.013823441,1
0.027394786,0.019822758,0.865367,0.021970168,0.018383274,0.016416643,0.030645343,1
0.031836435,0.8487422,0.028914496,0.032701615,0.019453166,0.014493973,0.023858072,1
0.018006867,0.0247973,0.015142717,0.8018553,0.06439096,0.039864093,0.035942756,1
0.02158357,0.026808135,0.49509925,0.34485626,0.025847293,0.045977265,0.039828274,1
0.014379512,0.018957675,0.8979717,0.024923166,0.018998822,0.011931606,0.012837574,1
0.020315466,0.2341701,0.321231,0.19600394,0.17324242,0.020345403,0.034691658,1
0.06112494,0.54634476,0.09345911,0.040367972,0.014957726,0.07082926,0.17291625,1
0.16595091,0.07211486,0.16825162,0.51269346,0.048691995,0.019569915,0.012727243,1
0.033216327,0.02431951,0.69129497,0.017840538,0.17616186,0.018506162,0.038660653,1
0.047406532,0.038249128,0.056532767,0.030116266,0.048418704,0.5223504,0.25692633,1
0.025000254,0.025721285,0.8505844,0.015031291,0.052692648,0.012546484,0.018423636,1
0.02663127,0.85612065,0.028896123,0.028009528,0.017136786,0.014162087,0.029043546,1
0.024495414,0.85392565,0.037108168,0.022799088,0.01799257,0.014516769,0.029162297,1
0.030948615,0.022559948,0.017940927,0.84634393,0.04612346,0.02262649,0.013456696,1
0.49087995,0.04398606,0.09961079,0.13242526,0.12517339,0.054612167,0.053312343,1
0.05077324,0.11441921,0.3972539,0.028827187,0.038550187,0.02960721,0.34056914,1
0.10389473,0.060485814,0.068542525,0.009767959,0.037772913,0.10280229,0.6167338,1
0.14096974,0.3089051,0.022876728,0.040865917,0.02157938,0.1963772,0.2684259,1
0.021662159,0.04282184,0.14160562,0.04410076,0.6936662,0.030590106,0.025553353,1
0.024861658,0.83819026,0.028928747,0.038628533,0.026224302,0.017049484,0.026117118,1
0.022833627,0.28005612,0.56632924,0.038294435,0.01407471,0.028978162,0.0494336,1
0.34643665,0.05913392,0.06650589,0.085168794,0.059780944,0.093907006,0.28906682,1
0.02716634,0.8585379,0.034729194,0.026651584,0.015240851,0.010777118,0.026897188,1
0.024337117,0.022108717,0.89237785,0.015677895,0.015059076,0.013118424,0.017320815,1
0.75492674,0.03392618,0.049382843,0.044089176,0.023883993,0.050246175,0.04354479,1
0.034582704,0.09398428,0.06129941,0.5833022,0.15530264,0.05263176,0.018897079,1
0.02842799,0.03002705,0.81079364,0.02046668,0.08549458,0.013696746,0.011093263,1
0.029406698,0.019178104,0.711126,0.04965455,0.1549273,0.019074809,0.016632453,1
0.033587642,0.0264085,0.2295618,0.626667,0.027820442,0.032741055,0.023213502,1
0.023160325,0.02842841,0.058600012,0.03586148,0.033224434,0.057733018,0.7629923,1
0.017335543,0.035664205,0.7904257,0.067971066,0.062393926,0.012373586,0.013835942,1
0.66846335,0.06712014,0.029254423,0.13447629,0.015825748,0.049074776,0.035785332,1
0.03525852,0.03602158,0.16067028,0.030808266,0.053960096,0.1694757,0.51380557,1
0.022004923,0.022021577,0.88672113,0.016231,0.02096508,0.011962637,0.020093683,1
0.08014009,0.04948288,0.046086323,0.07280372,0.66885173,0.027445875,0.05518936,1
0.039609678,0.04465518,0.09802889,0.036820408,0.03636849,0.051950376,0.692567,1
0.035584133,0.02613533,0.1286054,0.029752241,0.03237023,0.043758716,0.70379394,1
0.02933805,0.46666908,0.20852238,0.030311681,0.19602303,0.035978347,0.033157468,1
0.21343243,0.08510826,0.16715352,0.05413426,0.41070563,0.0541809,0.015285009,1
0.018812995,0.02975893,0.8861345,0.019058501,0.023277935,0.01021322,0.012743869,1
0.024118895,0.027494024,0.88286716,0.015442667,0.018995535,0.009925163,0.021156635,1
0.03126052,0.84478074,0.03961855,0.031265102,0.021608938,0.01344212,0.018023964,1
0.028277224,0.024812333,0.88141674,0.019095752,0.018127704,0.017227197,0.011043114,1
0.035461027,0.021667533,0.81915545,0.04141472,0.017784597,0.014716475,0.04980018,1
0.01834618,0.036815833,0.06626294,0.056512855,0.7759205,0.024089802,0.022051794,1
0.016848635,0.01920853,0.84357136,0.047584303,0.045117576,0.016415676,0.0112539,1
0.023332102,0.037086435,0.023184352,0.81196076,0.0673079,0.022390306,0.014738142,1
0.03730348,0.836637,0.027728453,0.0344325,0.014647388,0.011524968,0.037726246,1
0.038450997,0.043513287,0.035687946,0.79354495,0.05059065,0.022930318,0.015281813,1
0.18580256,0.04621276,0.13114059,0.020899085,0.10342249,0.07150055,0.441022,1
0.42359772,0.045577142,0.029496295,0.048134036,0.042323347,0.2555695,0.15530202,1
0.03653259,0.8228333,0.033169724,0.021903897,0.02992822,0.01951787,0.036114387,1
0.019671798,0.03635472,0.8618225,0.037979595,0.014259249,0.011952412,0.017959652,1
0.02261661,0.023279287,0.04432498,0.84977335,0.023498116,0.018680207,0.017827474,1
0.032304578,0.028526613,0.021450674,0.85124564,0.02597226,0.018740745,0.021759454,1
0.030993588,0.8476415,0.036061734,0.03170811,0.015853133,0.016309932,0.02143206,1
0.04440825,0.08042854,0.0941601,0.06328848,0.04146328,0.59037673,0.08587465,1
0.08362452,0.12862167,0.34317797,0.15286063,0.04340446,0.0180317,0.23027909,1
0.027243381,0.03015141,0.8794697,0.018377453,0.014823963,0.01226388,0.017670171,1
0.020141603,0.046789438,0.8006699,0.04944493,0.030654198,0.024995713,0.027304117,1
0.022901442,0.02190521,0.051786486,0.09183461,0.7603192,0.029774534,0.021478541,1
0.021715265,0.02600865,0.06921965,0.10071016,0.69684386,0.03183085,0.05367155,1
0.07308161,0.08886153,0.57176054,0.03332429,0.103916235,0.03075835,0.09829741,1
0.020696208,0.025069635,0.042555638,0.8119168,0.060410835,0.029947534,0.009403205,1
0.029529769,0.8563889,0.026993802,0.030160401,0.01493051,0.013639829,0.028356735,1
0.023824679,0.015885467,0.86700946,0.031306718,0.026140295,0.013648274,0.022185113,1
0.05201952,0.02485875,0.8345275,0.033312354,0.022005077,0.019880211,0.013396589,1
0.025001785,0.02932523,0.017467484,0.84421676,0.03630323,0.03026688,0.017418565,1
0.027053379,0.13458832,0.11141258,0.0374231,0.09025602,0.45903587,0.1402308,1
0.01039475,0.02981468,0.8837219,0.0319942,0.020620098,0.011099275,0.012355248,1
0.02240698,0.022636453,0.03367662,0.8440261,0.04424096,0.019444255,0.013568608,1
0.0416278,0.059695654,0.5920938,0.11898651,0.06250615,0.033452854,0.09163723,1
0.048237354,0.060628373,0.024025923,0.11522489,0.08599211,0.6040202,0.061871175,1
0.6119502,0.027726848,0.11674535,0.12632534,0.041720703,0.049978722,0.025552843,1
0.055407286,0.031366814,0.02102375,0.80445343,0.037957754,0.027076492,0.022714352,1
0.05449972,0.16652735,0.06299203,0.019397674,0.017756397,0.02532801,0.6534988,1
0.13980067,0.033860028,0.09242891,0.028890425,0.036781777,0.04437537,0.62386286,1
0.13684195,0.31670263,0.38273796,0.0540286,0.012627742,0.017220465,0.079840586,1
0.022320656,0.0325801,0.029197324,0.85757333,0.026585892,0.021089546,0.010653188,1
0.022943083,0.02696864,0.032281086,0.8616281,0.024955126,0.019707361,0.01151666,1
0.01881256,0.023977688,0.8982236,0.014472412,0.021444123,0.00947737,0.013592338,1
0.053912595,0.036119998,0.12566294,0.02773377,0.09079265,0.4424403,0.22333775,1
0.12704329,0.030565929,0.16849197,0.060403027,0.023325639,0.08855369,0.5016164,1
0.030081848,0.84635466,0.041729175,0.024077747,0.023398014,0.015359792,0.018998701,1
0.051191222,0.8026132,0.055037677,0.027156591,0.01856456,0.020638078,0.024798786,1
0.6337756,0.030907165,0.077652104,0.15478289,0.021745995,0.047402978,0.033733334,1
0.031120239,0.040741533,0.035500713,0.022349207,0.05342539,0.045447875,0.77141505,1
0.031630803,0.056747057,0.024586776,0.030219842,0.03692346,0.040259838,0.7796322,1
0.04693633,0.025197567,0.16470745,0.058075465,0.55737185,0.02439379,0.123317465,1
0.016309218,0.044652168,0.8703872,0.02418983,0.020468667,0.013555813,0.010437188,1
0.034035325,0.030011315,0.2130166,0.03360603,0.61981547,0.035450667,0.034064535,1
0.38577485,0.16229461,0.027456574,0.26612476,0.10714845,0.035646,0.015554776,1
0.04388292,0.087640956,0.76035315,0.014233411,0.0635554,0.011600879,0.018733371,1
0.06681776,0.07972478,0.45628253,0.113000266,0.24779749,0.028147837,0.008229339,1
0.023073792,0.28204066,0.6000203,0.013658677,0.045159787,0.01610252,0.019944305,1
0.1125657,0.029072903,0.6224591,0.016789775,0.04138377,0.046847444,0.13088138,1
0.5965595,0.038005106,0.0582443,0.028938787,0.036721624,0.060736764,0.18079384,1
0.028646002,0.85749614,0.034235325,0.026679216,0.014784065,0.012535011,0.025624188,1
0.02397053,0.84936565,0.030021742,0.033673353,0.014508991,0.013098635,0.03536112,1
0.028737837,0.044610016,0.030830026,0.02095051,0.028595377,0.036640998,0.8096352,1
0.02478663,0.025538763,0.7611618,0.09290782,0.03532928,0.026335584,0.03394014,1
0.030340672,0.15077,0.7332255,0.023926865,0.03860305,0.008612949,0.014520904,1
0.27546853,0.05678065,0.031591274,0.41261518,0.029082324,0.057982385,0.13647966,1
0.014790461,0.02917947,0.04315144,0.8321373,0.049014196,0.02082053,0.010906561,1
0.123254225,0.58861876,0.187523,0.032902732,0.030517276,0.010077338,0.02710669,1
0.057504017,0.16787142,0.15472497,0.018619645,0.03304061,0.031049104,0.53719026,1
0.01649504,0.039260264,0.88297445,0.022440678,0.01579923,0.009297708,0.013732633,1
0.01685394,0.042523745,0.84784544,0.01469217,0.019684976,0.015397401,0.043002307,1
0.39360535,0.081211716,0.34719884,0.023255212,0.042175893,0.039724372,0.072828695,1
0.020553978,0.024018984,0.88207895,0.025077906,0.021119475,0.012198824,0.014951929,1
0.021886911,0.018166846,0.10342957,0.06227081,0.7495326,0.022357758,0.022355631,1
0.015047073,0.033751078,0.8864589,0.017522516,0.018339397,0.010579263,0.018301746,1
0.015905483,0.03041413,0.0387762,0.4984555,0.34841052,0.03870889,0.029329205,1
0.045977574,0.065618835,0.054831363,0.023847597,0.031981967,0.059664115,0.71807855,1
0.022169622,0.024037113,0.87210625,0.031655148,0.019778565,0.010919505,0.019333826,1
0.022725066,0.021154448,0.18676105,0.069557056,0.65094066,0.025618492,0.023243219,1
0.042794492,0.02068151,0.043141816,0.04425156,0.78898793,0.027246172,0.032896597,1
0.030116567,0.028369399,0.034517907,0.8439065,0.028565867,0.020817673,0.013706088,1
0.022916835,0.03623685,0.044230156,0.037970204,0.5707662,0.045669265,0.24221048,1
0.24934815,0.022863792,0.02717648,0.07880239,0.040664963,0.33028537,0.25085878,1
0.03430874,0.12417859,0.16696265,0.03891187,0.47329774,0.057367668,0.1049728,1
0.026419844,0.018522063,0.22385193,0.06636278,0.61485434,0.025505755,0.024483271,1
0.099377654,0.12133604,0.47827715,0.029824907,0.056838077,0.16579565,0.048550487,1
0.028778939,0.08695992,0.79829395,0.032598846,0.034040317,0.011721533,0.007606488,1
0.024258407,0.045558825,0.040006977,0.18427561,0.55593395,0.0621006,0.08786569,1
0.02962611,0.05221935,0.63611233,0.054348245,0.18671408,0.02648765,0.014492177,1
0.019525658,0.029560886,0.64803153,0.24218759,0.027184451,0.018926272,0.014583629,1
0.05392375,0.020394647,0.23007748,0.11124741,0.15684566,0.16141845,0.2660926,1
0.02577582,0.47452563,0.32880405,0.08740804,0.010151641,0.019406147,0.053928662,1
0.0295725,0.048951186,0.052022308,0.8100266,0.021263609,0.015747422,0.022416383,1
0.01747561,0.02842749,0.046124343,0.16407268,0.58996254,0.03787218,0.11606517,1
0.18443881,0.45695385,0.20080149,0.04172139,0.066126354,0.029361801,0.020596327,1
0.03446454,0.8541644,0.031856623,0.024645783,0.013382567,0.013829159,0.027656775,1
0.4672726,0.03509439,0.075858004,0.21996835,0.020481758,0.08518587,0.096138984,1
0.022917788,0.8359492,0.03873676,0.026543409,0.018956194,0.020537948,0.036358636,1
0.018851547,0.029289937,0.13785294,0.10968946,0.6236955,0.023268605,0.05735204,1
0.026817637,0.025706928,0.51731014,0.04624094,0.24975392,0.077624224,0.056546263,1
0.0188359,0.037348725,0.09839525,0.7790853,0.034952085,0.016545126,0.014837702,1
0.018312257,0.03812502,0.08988991,0.78315884,0.033468943,0.02815352,0.00889152,1
0.71366334,0.03383374,0.05375706,0.04309066,0.02548411,0.047660884,0.08251019,1
0.03976883,0.80744886,0.029744765,0.035356805,0.0230822,0.025994949,0.038603608,1
0.47756147,0.21259966,0.0423755,0.09543631,0.02723984,0.08192486,0.06286232,1
0.12194655,0.050546277,0.095001295,0.29740885,0.23837386,0.019449798,0.17727341,1
0.028813815,0.05061479,0.28913164,0.09517383,0.48764768,0.023592247,0.025025975,1
0.03924128,0.37916416,0.25841224,0.015454413,0.086990476,0.11611634,0.1046211,1
0.021736346,0.03318727,0.018167965,0.8641388,0.027505646,0.021276023,0.013987944,1
0.026170937,0.029658012,0.3355441,0.5101904,0.06074353,0.024397528,0.013295448,1
0.018348154,0.029943403,0.027181124,0.85665333,0.03288488,0.022015557,0.012973606,1
0.03068787,0.04649149,0.8616297,0.01395528,0.015344521,0.011957685,0.019933417,1
0.019197814,0.01825508,0.84761095,0.06570189,0.020460285,0.018602423,0.010171545,1
0.048104867,0.03316404,0.03660027,0.01972606,0.04351557,0.08458046,0.7343087,1
0.041393418,0.050418995,0.10337367,0.0300303,0.7201357,0.021720866,0.032926995,1
0.017954785,0.021685163,0.10511964,0.37648752,0.4208765,0.041149367,0.016727002,1
0.052357923,0.032194287,0.045382336,0.051235043,0.046903566,0.70033455,0.07159231,1
0.019005729,0.029740458,0.88653594,0.015493239,0.024285415,0.014018557,0.010920615,1
0.025297102,0.033097364,0.035945967,0.83900064,0.037252616,0.01746614,0.011940176,1
0.02382351,0.02097323,0.48577902,0.043892004,0.38525826,0.023701856,0.016572174,1
0.7112365,0.07379954,0.050713073,0.044929937,0.025690423,0.046382442,0.047248203,1
0.026007652,0.03134235,0.050928526,0.086021654,0.75793636,0.020792158,0.026971266,1
0.017533552,0.025226481,0.8772772,0.026245166,0.01896038,0.015024554,0.01973261,1
0.017711397,0.021646619,0.89727557,0.017331023,0.023077216,0.012658495,0.010299757,1
0.6308161,0.061339803,0.051453583,0.03213613,0.018572578,0.10118817,0.10449356,1
0.6633628,0.029655835,0.08394745,0.10113957,0.029051125,0.056303244,0.03654007,1
0.016285844,0.022482634,0.84973603,0.02329166,0.038869448,0.03191765,0.017416572,1
0.075414,0.07009275,0.6328966,0.051562037,0.02102765,0.028991805,0.120015115,1
0.029748587,0.044569027,0.06417903,0.8112183,0.019237714,0.016284375,0.014762946,1
0.02109383,0.052567296,0.699855,0.08487416,0.03491191,0.068521105,0.038176693,1
0.020057008,0.040168945,0.8697848,0.013184263,0.018684935,0.010644738,0.027475376,1
0.03169308,0.030442273,0.055665817,0.033788625,0.04828572,0.039049838,0.7610747,1
0.019940456,0.06515714,0.5099138,0.34201524,0.015516548,0.021584798,0.025872126,1
0.015311779,0.025063805,0.86980623,0.04756143,0.021419324,0.012482555,0.008354819,1
0.028225157,0.8320848,0.026337432,0.023914885,0.026072847,0.013411486,0.04995336,1
0.049296394,0.058919623,0.1383115,0.11164469,0.067185745,0.538169,0.03647302,1
0.027416822,0.034705512,0.017939202,0.8497526,0.029408114,0.017785693,0.022992104,1
0.02600897,0.07077746,0.83816546,0.015687106,0.019822042,0.013640931,0.015898071,1
0.029906822,0.04525731,0.061068386,0.028503807,0.028445063,0.050546568,0.756272,1
0.018181928,0.8450495,0.041834038,0.027796537,0.027496785,0.014944365,0.024696724,1
0.03139521,0.84949106,0.04381097,0.026976133,0.013413868,0.010975762,0.023937035,1
0.49428073,0.024703078,0.03256252,0.28350556,0.056516163,0.04430393,0.06412808,1
0.036515452,0.029930864,0.82926553,0.0194229,0.017276917,0.018486349,0.04910192,1
0.033235736,0.046042852,0.84739935,0.013335492,0.020242222,0.012705633,0.027038693,1
0.017140292,0.022920456,0.89123875,0.019819196,0.024614155,0.012355677,0.011911491,1
0.14616586,0.021224694,0.6315935,0.020155579,0.05088598,0.03860015,0.09137423,1
0.018165732,0.07160323,0.039389282,0.03137007,0.16634823,0.08593322,0.5871903,1
0.028039353,0.8600548,0.038239688,0.024975663,0.014773285,0.010920983,0.022996161,1
0.025716318,0.03286515,0.031630848,0.854663,0.026238643,0.016020034,0.012866132,1
0.020812191,0.18667842,0.6492671,0.030621236,0.013699102,0.052287936,0.046634037,1
0.027521508,0.8482484,0.042512655,0.03738452,0.010944171,0.01487943,0.018509094,1
0.021987787,0.026015267,0.81656003,0.034860507,0.078346394,0.013619376,0.008610654,1
0.022122258,0.046852924,0.18547899,0.019496907,0.6068556,0.025392264,0.09380113,1
0.020830583,0.027938953,0.1064884,0.0625536,0.15171675,0.13917693,0.4912948,1
0.015448727,0.04585668,0.8763011,0.016751267,0.021720702,0.011752737,0.012168731,1
0.03316003,0.84905684,0.02624804,0.02874722,0.014484283,0.012534689,0.035768893,1
0.109185524,0.026076876,0.63429385,0.018975845,0.045060128,0.07547567,0.09093213,1
0.020498905,0.032135434,0.87249976,0.014687,0.038008105,0.009690015,0.012480937,1
0.051277723,0.027196184,0.83660305,0.011253248,0.03277739,0.020326149,0.020566206,1
0.019406347,0.025106655,0.6949596,0.18579769,0.029940406,0.023913877,0.020875497,1
0.014575589,0.024851443,0.9006442,0.015804542,0.022560785,0.00971889,0.01184456,1
0.42791352,0.02049156,0.16791932,0.0884589,0.08961587,0.06267701,0.14292377,1
0.029174605,0.015209337,0.067318544,0.7758182,0.06938001,0.026490668,0.016608594,1
0.15618172,0.028978642,0.6514396,0.049759567,0.023232512,0.026669562,0.06373829,1
0.041714936,0.020796522,0.27083132,0.07375456,0.06497677,0.09515777,0.43276805,1
0.021819962,0.029508367,0.02512744,0.09446661,0.7456496,0.031141452,0.052286603,1
0.029150976,0.8447182,0.03190385,0.025251314,0.015893217,0.01203783,0.041044574,1
0.028932437,0.8328709,0.05702825,0.023144025,0.019439146,0.009239949,0.029345237,1
0.060312014,0.027454935,0.023893809,0.072473265,0.06486049,0.18296583,0.5680397,1
0.11413122,0.020517642,0.14857632,0.18090028,0.06425873,0.110163786,0.36145204,1
0.023532856,0.04821706,0.15470393,0.043244492,0.64764833,0.024847278,0.05780607,1
0.06692478,0.034573548,0.062567316,0.02653806,0.019899458,0.062109325,0.7273875,1
0.7494258,0.04016623,0.04801944,0.06237513,0.022209888,0.041917637,0.035885826,1
0.041834243,0.042089213,0.7063253,0.06958768,0.013448084,0.061243888,0.06547167,1
0.023300922,0.034935463,0.21637322,0.61640227,0.033725545,0.027044382,0.048218124,1
0.05255589,0.049515236,0.020798974,0.035294645,0.0259735,0.089222185,0.7266395,1
0.015576751,0.0627393,0.8488449,0.012146618,0.014950909,0.015581072,0.03016044,1
0.7569892,0.050081335,0.05202256,0.044126425,0.025323488,0.042074237,0.029382918,1
0.021646999,0.070134975,0.82633406,0.017988514,0.036629364,0.009881514,0.017384637,1
0.6032031,0.06849776,0.06509207,0.0179514,0.056864448,0.101815455,0.08657566,1
0.5742988,0.064532,0.15544614,0.04513942,0.028838022,0.08919171,0.042553898,1
0.028547678,0.07858589,0.8132653,0.014476303,0.039227135,0.011075015,0.014822701,1
0.017818678,0.022122435,0.8960262,0.022687797,0.017907593,0.011694836,0.011742544,1
0.015625225,0.04017823,0.86642385,0.032202262,0.019248143,0.011665106,0.014657256,1
0.021749618,0.023841685,0.031341106,0.8637036,0.02425188,0.022593152,0.012519025,1
0.026399422,0.8540875,0.035964657,0.033998758,0.018668395,0.011748687,0.01913263,1
0.044113666,0.03212763,0.572081,0.018269286,0.1954486,0.03238818,0.105571665,1
0.019070929,0.01805543,0.87519795,0.021294363,0.025360031,0.018535737,0.022485623,1
0.048434403,0.32057175,0.49583712,0.012654495,0.06294559,0.011669276,0.047887314,1
0.019209918,0.03396664,0.054026,0.8378603,0.018524379,0.017574808,0.018837865,1
0.016917001,0.032444954,0.03426554,0.851456,0.03717179,0.016680263,0.011064585,1
0.74675214,0.06290823,0.04307701,0.03168065,0.022513447,0.035448387,0.057620093,1
0.018783383,0.029503264,0.88306624,0.019215936,0.021182025,0.014883569,0.013365603,1
0.028152555,0.8375214,0.026251929,0.03796841,0.014013588,0.014651038,0.04144114,1
0.024255753,0.858006,0.03481142,0.026868885,0.015184505,0.01382549,0.02704789,1
0.0605739,0.03899604,0.020490853,0.7889525,0.033376705,0.017279092,0.040330883,1
0.11018364,0.10849659,0.03006021,0.06326828,0.021651711,0.34566885,0.3206707,1
0.017005932,0.030269422,0.055435754,0.8288678,0.022872435,0.02200251,0.0235461,1
0.022519836,0.8390021,0.030656531,0.049887832,0.019131051,0.01483181,0.023970935,1
0.048605073,0.022275923,0.40376264,0.0417679,0.024898324,0.072507285,0.3861828,1
0.020198368,0.020043,0.04656522,0.10406659,0.74874085,0.035932995,0.024452945,1
0.022563038,0.84943837,0.042475373,0.030730588,0.01842578,0.014301481,0.022065388,1
0.015375947,0.020448444,0.8806991,0.040236134,0.018271364,0.013398585,0.011570406,1
0.037742484,0.027033307,0.07074251,0.07347097,0.7072788,0.05062813,0.033103816,1
0.019536784,0.036552217,0.04133882,0.83908576,0.025655007,0.024839828,0.012991595,1
0.21124254,0.187713,0.19160189,0.054702163,0.09974285,0.18863073,0.06636684,1
0.023902476,0.030034851,0.7781738,0.11021747,0.021395355,0.025207667,0.011068409,1
0.025081882,0.06131246,0.8405148,0.02088802,0.026919022,0.01797082,0.007313105,1
0.015895039,0.025651036,0.89331704,0.022790827,0.021799564,0.011660732,0.008885746,1
0.067293964,0.09745145,0.20501405,0.0514109,0.055306923,0.042129815,0.4813929,1
0.03619389,0.029600447,0.028151793,0.03245531,0.034131426,0.04262405,0.7968431,1
0.08612794,0.029471437,0.035430647,0.09077613,0.05654115,0.63228846,0.0693643,1
0.014068913,0.01859747,0.8920076,0.01589675,0.03344143,0.01480356,0.011184312,1
0.5751825,0.06380337,0.10806153,0.13724002,0.015586211,0.041177846,0.05894844,1
0.019303769,0.03006836,0.02844988,0.8592847,0.027916329,0.018044002,0.016932974,1
0.03423005,0.051471416,0.022151297,0.1418273,0.1154136,0.030049406,0.60485697,1
0.018256953,0.2559787,0.2469054,0.16066296,0.07223671,0.030192334,0.2157669,1
0.7341565,0.036161836,0.06052423,0.06310293,0.019934937,0.047448274,0.0386713,1
0.034932245,0.023546502,0.1758613,0.49601677,0.21198119,0.041971527,0.015690494,1
0.030934975,0.10663085,0.7844318,0.0168584,0.011412168,0.016480425,0.033251524,1
0.04866859,0.08366877,0.019439967,0.02428866,0.028904028,0.04906269,0.74596727,1
0.027683688,0.02598184,0.8570658,0.02274537,0.018741004,0.013571216,0.034211155,1
0.036208797,0.023783995,0.34167928,0.48939112,0.029201107,0.031495664,0.048240095,1
0.0195854,0.8078861,0.052934002,0.028097928,0.028262937,0.023119513,0.040114157,1
0.016913071,0.028912285,0.028206175,0.8627734,0.029618995,0.020193925,0.013382101,1
0.019687751,0.022181999,0.030618127,0.06646308,0.7896461,0.03548242,0.03592045,1
0.025578124,0.016834231,0.87125003,0.036181435,0.016467964,0.018288806,0.015399345,1
0.03560961,0.028180672,0.033538748,0.02614682,0.044992402,0.049588107,0.7819436,1
0.04030682,0.03228567,0.16899016,0.68864936,0.020919988,0.021337816,0.027510162,1
0.016951533,0.021368476,0.047556248,0.79232544,0.043381713,0.026211401,0.05220514,1
0.11927096,0.021411525,0.03455283,0.6820722,0.06408591,0.034999687,0.04360688,1
0.032624558,0.07094202,0.66041684,0.024255887,0.17654282,0.011049716,0.02416822,1
0.33517963,0.045850925,0.049799673,0.056224305,0.37225845,0.05171174,0.08897527,1
0.3250266,0.10040514,0.15174748,0.09933104,0.021723477,0.103595234,0.19817105,1
0.02352863,0.0374693,0.6357205,0.23273328,0.038146775,0.02130074,0.011100704,1
0.06729738,0.027452823,0.2551054,0.0907006,0.08333735,0.44771463,0.028391706,1
0.047448415,0.04105908,0.33704937,0.022351963,0.49028227,0.03580488,0.026004063,1
0.5843749,0.030700082,0.07326861,0.21131575,0.02038508,0.049067028,0.030888468,1
0.019084558,0.019521544,0.89584017,0.024427967,0.014441287,0.013901367,0.012783111,1
0.034483694,0.8513654,0.03334323,0.021383839,0.019452143,0.013856781,0.02611491,1
0.29342344,0.186389,0.2740595,0.112337545,0.06673238,0.037869133,0.029188994,1
0.022657158,0.85859245,0.032402746,0.032661576,0.016169015,0.013783356,0.023733648,1
0.017221348,0.019863674,0.0925808,0.0874133,0.7217298,0.032205373,0.028985761,1
0.021085003,0.041176967,0.83420295,0.031874396,0.021675212,0.015633984,0.034351453,1
0.4963109,0.034335673,0.24703915,0.051446788,0.075644754,0.07176977,0.023452837,1
0.03958796,0.043687157,0.03628239,0.021018531,0.05025599,0.037329983,0.771838,1
0.029722799,0.023748437,0.82406044,0.024733774,0.07495844,0.012304246,0.010471958,1
0.018163485,0.02213121,0.8864204,0.021715183,0.024410864,0.01211522,0.01504363,1
0.01749194,0.021670355,0.85770535,0.04247401,0.035150584,0.014555627,0.010952149,1
0.03256014,0.8020149,0.037699025,0.025095057,0.053973183,0.018637413,0.030020352,1
0.04513766,0.08270467,0.024320126,0.40694943,0.05022675,0.30020833,0.09045307,1
0.021774841,0.02179309,0.88735664,0.021177081,0.01652173,0.011914809,0.019461785,1
0.034002036,0.05656275,0.8387302,0.010578959,0.03611806,0.012158519,0.011849499,1
0.025747241,0.06494523,0.04672597,0.024782185,0.023362827,0.032318186,0.78211844,1
0.047740288,0.040078986,0.80193895,0.021542765,0.015564208,0.0166714,0.0564634,1
0.03205307,0.032016553,0.03318874,0.84824973,0.020532716,0.016611565,0.017347725,1
0.029099906,0.8456714,0.04541227,0.023516234,0.015267482,0.014188712,0.02684405,1
0.038857978,0.030583847,0.04177708,0.08358823,0.04333814,0.6651825,0.09667227,1
0.050823826,0.022692632,0.026878033,0.038369715,0.7537815,0.051662847,0.055791486,1
0.014193185,0.016493885,0.8902544,0.021994537,0.029634979,0.013333663,0.014095417,1
0.020765351,0.045181308,0.07882284,0.10588368,0.5312281,0.054515306,0.16360344,1
0.035009515,0.055406414,0.021908976,0.029354833,0.023202933,0.058101945,0.7770153,1
0.7090365,0.08558851,0.024292076,0.03965004,0.038806252,0.045717474,0.056909285,1
0.041094113,0.015908858,0.26129815,0.053260755,0.21225178,0.09330228,0.3228841,1
0.053739,0.50023305,0.11986142,0.035272066,0.18479669,0.032749332,0.07334835,1
0.15444797,0.059362426,0.15733783,0.5671236,0.026979271,0.02276905,0.011979912,1
0.14383554,0.036033403,0.028382072,0.06789588,0.03902537,0.13024682,0.5545809,1
0.016943375,0.018715402,0.8936648,0.01927608,0.029429667,0.010747797,0.011222833,1
0.07927396,0.21970488,0.561952,0.029161762,0.02349585,0.020837216,0.06557434,1
0.021736698,0.027016805,0.019308131,0.8663835,0.029724445,0.020411687,0.015418678,1
0.01374851,0.06609272,0.83017856,0.041749015,0.023814797,0.008778758,0.015637664,1
0.04578367,0.021808172,0.1773157,0.039305657,0.046085373,0.18400958,0.48569185,1
0.03450575,0.124968275,0.55969346,0.02674013,0.074056864,0.048838492,0.13119707,1
0.043908626,0.04231037,0.089662105,0.037251078,0.047775347,0.4856034,0.2534891,1
0.0236543,0.017284147,0.8814461,0.028193163,0.019576948,0.01497476,0.014870567,1
0.03129859,0.8413119,0.03150459,0.024775654,0.015378812,0.012975459,0.042754963,1
0.03435792,0.027454518,0.124378644,0.3200766,0.05469458,0.071980104,0.3670576,1
0.051143367,0.03357612,0.11614026,0.028955368,0.0325217,0.07886534,0.65879786,1
0.023939114,0.053839155,0.32875693,0.5122403,0.03633735,0.021333195,0.023553988,1
0.19395438,0.14837353,0.036285177,0.02239411,0.024119427,0.032247525,0.54262584,1
0.087215535,0.06784157,0.7242881,0.035784744,0.013682993,0.023634154,0.047552776,1
0.021092178,0.026461462,0.7739979,0.12009805,0.01876956,0.019324167,0.020256555,1
0.031199476,0.06500505,0.048647434,0.0206173,0.03396988,0.039314825,0.76124597,1
0.47491878,0.05918164,0.044359773,0.04612648,0.01882383,0.047897544,0.30869192,1
0.24518788,0.08549826,0.08481856,0.020649988,0.030158576,0.2616957,0.27199104,1
0.024102695,0.03220989,0.03476762,0.8473116,0.033890054,0.01865559,0.009062636,1
0.02109352,0.85509825,0.035511125,0.03298985,0.014812089,0.013754794,0.026740385,1
0.75839585,0.04776822,0.05520477,0.043941032,0.02032534,0.040292006,0.034072876,1
0.039852858,0.8343008,0.035776615,0.026472827,0.01327673,0.019017449,0.031302627,1
0.6747075,0.027741745,0.0335917,0.06909256,0.05333264,0.046091255,0.09544266,1
0.014976837,0.06771192,0.768453,0.037265103,0.08275939,0.017148882,0.011684991,1
0.02969746,0.037917983,0.5867008,0.2704882,0.020628659,0.031208945,0.02335802,1
0.014777862,0.019446207,0.8856812,0.028252775,0.017029896,0.015213771,0.019598313,1
0.017676495,0.01990134,0.8947217,0.021701725,0.01803868,0.012216304,0.01574373,1
0.013977153,0.02521537,0.86657435,0.054853994,0.014619524,0.011847411,0.01291222,1
0.28195482,0.041665565,0.029209599,0.35137826,0.02425266,0.05346046,0.21807855,1
0.031990808,0.41523954,0.17519057,0.184198,0.06733693,0.0676745,0.058369633,1
0.5556106,0.044819858,0.11814452,0.19485086,0.020120328,0.040891804,0.025562085,1
0.023855062,0.03018572,0.84332925,0.013679391,0.031528357,0.02759291,0.02982931,1
0.036277656,0.83213484,0.040554054,0.025299296,0.030214885,0.014570858,0.020948516,1
0.036977205,0.8430754,0.05058804,0.023163794,0.013053792,0.011459855,0.021681834,1
0.020797383,0.15917826,0.73658365,0.038834464,0.017121261,0.012729378,0.014755582,1
0.020697989,0.025645768,0.027094346,0.86342144,0.032268364,0.0210705,0.009801637,1
0.016666744,0.017841326,0.668526,0.051285867,0.20358069,0.022817522,0.019281955,1
0.029488947,0.7670166,0.023614893,0.041050963,0.057940576,0.036806926,0.044081125,1
0.014552863,0.01984666,0.8739604,0.032885566,0.034854524,0.012542398,0.011357645,1
0.69572705,0.03391048,0.053759452,0.07260733,0.019331455,0.06548071,0.05918351,1
0.024031226,0.8527497,0.0334698,0.032904282,0.012838603,0.010499072,0.033507247,1
0.040821884,0.018743929,0.03611979,0.055238746,0.06416642,0.07814215,0.7067671,1
0.023836628,0.82343984,0.044958673,0.03919038,0.026379874,0.02241279,0.019781891,1
0.31723192,0.056624673,0.028346319,0.04053703,0.027858566,0.053418353,0.47598308,1
0.021162488,0.052330527,0.026737377,0.8410789,0.023579968,0.016256344,0.018854368,1
0.021622593,0.03454265,0.83446366,0.015862485,0.056036234,0.011675538,0.025796741,1
0.263093,0.08199458,0.17115027,0.26746914,0.14224151,0.031624515,0.042427003,1
0.02012088,0.030733533,0.86269146,0.03213414,0.019327099,0.015741462,0.019251488,1
0.049794506,0.12277269,0.46123356,0.0649363,0.24557672,0.04649958,0.009186643,1
0.034676895,0.04310444,0.17018245,0.029836584,0.02923367,0.08926178,0.60370415,1
0.35032853,0.12496788,0.34789371,0.053239457,0.031575486,0.024160342,0.067834534,1
0.020243691,0.029573731,0.21012206,0.049485676,0.61522156,0.027664844,0.047688484,1
0.03338107,0.06397677,0.30534557,0.030119063,0.030335048,0.040240545,0.49660194,1
0.016510712,0.040873673,0.096966155,0.07113205,0.7033055,0.027257612,0.043954264,1
0.6155674,0.108255215,0.065808795,0.0731895,0.031140491,0.034372494,0.07166619,1
0.15806518,0.066888504,0.027281567,0.029075248,0.019098487,0.038364362,0.66122663,1
0.029454682,0.02225556,0.81140983,0.016786698,0.041970618,0.023224283,0.05489831,1
0.03238561,0.057306506,0.03491579,0.020873614,0.026097562,0.20907737,0.6193435,1
0.019187056,0.024828741,0.15446645,0.7368471,0.031645823,0.021913707,0.011110997,1
0.04398919,0.037272956,0.08324812,0.01818081,0.106707975,0.11946482,0.5911361,1
0.06592532,0.28841874,0.0684997,0.0317174,0.41532347,0.04319869,0.086916596,1
0.029372465,0.032071266,0.039272845,0.026754295,0.05238362,0.049578745,0.77056676,1
0.018708918,0.014256202,0.8619818,0.046171527,0.027664596,0.01981071,0.011406255,1
0.025004188,0.7441072,0.043893334,0.040754415,0.08598062,0.017261982,0.042998254,1
0.01600071,0.020786393,0.9028784,0.01755415,0.018738795,0.012247819,0.011793713,1
0.02357089,0.022340223,0.86192924,0.043731716,0.01697827,0.015238392,0.016211217,1
0.16298799,0.20453796,0.16217868,0.08920826,0.04686374,0.19923599,0.13498738,1
0.59038347,0.040663008,0.053631656,0.18612835,0.06428501,0.031591926,0.03331664,1
0.036185857,0.017220208,0.83741975,0.01805955,0.040087778,0.020621153,0.030405642,1
0.03884147,0.019753028,0.747689,0.10847559,0.04950551,0.02090052,0.014834851,1
0.018817734,0.022242388,0.8487555,0.017165672,0.02791913,0.01359224,0.05150723,1
0.053066622,0.06877722,0.12400226,0.043996513,0.051900875,0.6029716,0.05528492,1
0.14830379,0.6472402,0.08253068,0.022982592,0.01860198,0.022509739,0.057831068,1
0.035437603,0.051445343,0.025984317,0.023216229,0.03200862,0.03808983,0.79381806,1
