0.887348,0.013584278,0.02511763,0.020846168,0.015066562,0.023777986,0.014259382,0
0.009571824,0.014425819,0.9224168,0.018392248,0.010533948,0.00761233,0.017047055,0
0.023069767,0.023572972,0.03290946,0.023908002,0.84943914,0.021726103,0.025374554,0
0.011719029,0.012513406,0.91701686,0.028321134,0.009576754,0.009719495,0.011133422,0
0.009163165,0.011450548,0.9319801,0.016681036,0.010205737,0.007916335,0.012603167,0
0.022424337,0.022578146,0.025110329,0.88351405,0.017633053,0.013418203,0.015321832,0
0.8827736,0.02220837,0.019819116,0.024489166,0.015214727,0.019395828,0.016099239,0
0.019632256,0.027620554,0.022556724,0.8833913,0.016287306,0.013883177,0.016628748,0
0.07569341,0.024388328,0.01701737,0.032068424,0.02784849,0.78169245,0.041291595,0
0.024629327,0.03234125,0.025447182,0.024834892,0.024152664,0.02680818,0.8417865,0
0.061178274,0.032786205,0.015040366,0.036103304,0.027141817,0.7986873,0.029062774,0
0.017775003,0.03668163,0.030228844,0.019825967,0.02271066,0.022402255,0.85037565,0
0.01360033,0.9145231,0.01495525,0.016272714,0.01190695,0.013865313,0.014876436,0
0.009298809,0.013349826,0.93424,0.012666989,0.009405653,0.007257604,0.013781052,0
0.01463773,0.9081219,0.016059317,0.024113601,0.013367418,0.009586904,0.01411314,0
0.011693868,0.013335457,0.92785573,0.016987076,0.012466472,0.005085827,0.012575527,0
0.8489061,0.0252169,0.022429401,0.030457482,0.020740928,0.04315139,0.009097706,0
0.019545218,0.02826492,0.02746728,0.88286954,0.015146279,0.011863257,0.014843461,0
0.008935309,0.015395206,0.93213964,0.015133444,0.009955973,0.006315942,0.012124515,0
0.014653487,0.9143952,0.01713349,0.017522154,0.011945084,0.011191748,0.013158936,0
0.0097546,0.012657746,0.9315675,0.013566007,0.01047791,0.006172965,0.015803153,0
0.018858468,0.035101913,0.042422723,0.016605621,0.02245667,0.02507784,0.8394767,0
0.018893162,0.023582598,0.05829248,0.85762423,0.013834174,0.010054133,0.017719144,0
0.018087612,0.030705495,0.028770486,0.031858295,0.85026056,0.017074909,0.023242574,0
0.016687669,0.041017916,0.04508022,0.024448099,0.020367282,0.019666376,0.8327324,0
0.019985586,0.018558174,0.06000324,0.8259267,0.030974539,0.012004527,0.032547265,0
0.021291826,0.023037218,0.028835492,0.884374,0.015424226,0.012425146,0.014612098,0
0.020826759,0.023606457,0.03539342,0.018164419,0.028220061,0.027337674,0.8464513,0
0.00954782,0.014281536,0.92897975,0.017504822,0.010105245,0.007320243,0.012260532,0
0.87016284,0.018385675,0.015349286,0.023578923,0.018129801,0.03864107,0.01575248,0
0.024712026,0.022600062,0.03100657,0.88158375,0.014171575,0.012004073,0.013921975,0
0.016730342,0.90946573,0.014127933,0.021961356,0.010605545,0.012065452,0.015043683,0
0.878996,0.015954683,0.022996498,0.024125973,0.01588948,0.026596585,0.015440607,0
0.012978152,0.012540832,0.927329,0.018819284,0.007430017,0.006643388,0.014259394,0
0.020606583,0.02102603,0.02902722,0.8833332,0.01607667,0.014373008,0.015557201,0
0.010497182,0.91424596,0.015004359,0.020502612,0.01162785,0.011111134,0.017010843,0
0.010361961,0.012567044,0.9339819,0.014216263,0.011416537,0.007357867,0.010098443,0
0.8710813,0.012602756,0.018999165,0.034195855,0.019824436,0.025053876,0.018242529,0
0.01769019,0.026404869,0.029404849,0.8829222,0.015200065,0.012268135,0.016109766,0
0.011682777,0.012920277,0.9307507,0.011281573,0.010131899,0.007422113,0.015810514,0
0.00950106,0.013008473,0.9306991,0.016601672,0.010828625,0.006889423,0.012471595,0
0.009474072,0.013629613,0.9340926,0.012730078,0.009111739,0.00720425,0.013757705,0
0.013695545,0.91089034,0.015529241,0.021752268,0.012656854,0.0110417,0.014433828,0
0.8796399,0.012859497,0.021513337,0.033544652,0.012588309,0.024102524,0.015751729,0
0.01161003,0.011805194,0.9330657,0.013824255,0.011431037,0.005208013,0.013055736,0
0.023246571,0.020722877,0.02621051,0.8859888,0.015099481,0.013914314,0.014817511,0
0.011610808,0.010044997,0.93344504,0.012782563,0.013191313,0.006234811,0.012690457,0
0.025798377,0.022900032,0.025133375,0.029348627,0.8485751,0.02522909,0.023015385,0
0.015211526,0.023313044,0.03168371,0.8795516,0.014937311,0.014838279,0.020464541,0
0.015084181,0.9088206,0.019798758,0.019529356,0.01108645,0.008962585,0.016718017,0
0.009193778,0.014073732,0.92963606,0.015986687,0.009896947,0.0059428,0.0152699,0
0.010317861,0.010753792,0.93327975,0.012079961,0.012206083,0.008243382,0.013119178,0
0.8732871,0.030912062,0.026229987,0.018878656,0.015548906,0.02086836,0.014274958,0
0.011291039,0.91264087,0.017159471,0.016455295,0.015215576,0.011731869,0.015505959,0
0.020303639,0.025282858,0.03254916,0.03127753,0.026833596,0.021746445,0.8420068,0
0.011382344,0.91444796,0.014738525,0.018218948,0.01248216,0.01233908,0.016391004,0
0.88737935,0.015451019,0.025454145,0.019753147,0.014735024,0.023625605,0.013601818,0
0.01459239,0.030641645,0.06001678,0.018464463,0.033751294,0.025658133,0.8168753,0
0.019187013,0.027979642,0.034954205,0.01789977,0.025632024,0.03199748,0.8423498,0
0.88647705,0.014811007,0.020554833,0.022007564,0.016694486,0.023974676,0.015480408,0
0.057761405,0.023800043,0.025820645,0.027410192,0.026319005,0.80493325,0.033955354,0
0.02218919,0.030633694,0.019442465,0.86698115,0.016106011,0.017959902,0.026687598,0
0.022529896,0.0220319,0.029771117,0.88293517,0.015026812,0.012570514,0.015134554,0
0.015982816,0.015780438,0.9144444,0.011426173,0.008905543,0.014923076,0.018537473,0
0.024335068,0.020661607,0.018573841,0.8795867,0.021213453,0.017140903,0.018488403,0
0.88656306,0.01824982,0.026362194,0.017237587,0.012834245,0.024363995,0.014388973,0
0.022738026,0.027197411,0.024033504,0.02691524,0.025088534,0.035625476,0.83840185,0
0.010966248,0.91401654,0.017542912,0.017169354,0.015953163,0.010658495,0.013693371,0
0.8833905,0.019446215,0.022310238,0.021997796,0.01562747,0.024580408,0.012647451,0
0.011567184,0.012874686,0.9335834,0.011542087,0.010759609,0.006469932,0.013203067,0
0.011951495,0.012573229,0.9335548,0.013482091,0.010824996,0.006607942,0.011005336,0
0.03864571,0.029739296,0.02766896,0.026420547,0.025122393,0.80848545,0.043917663,0
0.886324,0.019676078,0.019883187,0.020854414,0.015196707,0.021416577,0.016649159,0
0.019352144,0.024769079,0.024571983,0.8797667,0.01684982,0.020694062,0.013996204,0
0.010090007,0.91195697,0.014954459,0.02217657,0.01263737,0.0130444,0.015140191,0
0.013267444,0.9135868,0.016330115,0.018541366,0.012465898,0.01030636,0.015502,0
0.012770345,0.91511756,0.015774634,0.018444357,0.011484797,0.011321924,0.015086298,0
0.020282872,0.90778834,0.015697543,0.017116787,0.01015971,0.01147883,0.017475946,0
0.011349868,0.9129744,0.016541364,0.018626342,0.011663558,0.012368485,0.016475994,0
0.009405146,0.012973206,0.9326227,0.014183807,0.010430305,0.006845513,0.013539369,0
0.01789586,0.9088321,0.01282947,0.02201735,0.011602569,0.013233729,0.013588919,0
0.8833848,0.016548501,0.029476728,0.019710327,0.011333024,0.025112074,0.014434551,0
0.00724575,0.012073044,0.8905586,0.045240484,0.011069934,0.010357463,0.02345472,0
0.015126593,0.91053206,0.015255917,0.021156773,0.012201021,0.011353469,0.014374246,0
0.035983797,0.035421696,0.023110528,0.030787164,0.025494648,0.80907315,0.04012897,0
0.010528856,0.010241717,0.93472487,0.014486375,0.011251587,0.006088632,0.012677885,0
0.8792269,0.01448395,0.022681052,0.025665326,0.011309691,0.032392174,0.014240874,0
0.008938178,0.013605204,0.9324273,0.0128445,0.010414569,0.006635334,0.015134904,0
0.020644262,0.026605867,0.032239392,0.03007205,0.020435208,0.021826558,0.84817666,0
0.010647163,0.009981548,0.9282817,0.020068822,0.010594063,0.007465425,0.012961253,0
0.010048297,0.010998747,0.9235119,0.01428292,0.021741912,0.005545345,0.013870968,0
0.009546094,0.014184713,0.9310462,0.013281135,0.010828868,0.005240487,0.015872495,0
0.010984545,0.011243036,0.93416816,0.015220489,0.010555908,0.006898431,0.01092943,0
0.022687843,0.025048794,0.031935994,0.8793665,0.015632337,0.010745307,0.014583113,0
0.011331603,0.01239648,0.93334115,0.013750301,0.010648854,0.005755969,0.01277562,0
0.008563976,0.013767783,0.92773145,0.013549376,0.012447102,0.005864055,0.018076433,0
0.01907537,0.0259872,0.04596918,0.019987244,0.023814894,0.02377091,0.84139514,0
0.02299467,0.024137411,0.026154825,0.8825428,0.017542485,0.012672537,0.013955281,0
0.020185776,0.032418407,0.03273415,0.01694797,0.8439153,0.026301058,0.027497372,0
0.020849943,0.025914554,0.031133613,0.02138746,0.021623684,0.025587218,0.8535035,0
0.018065274,0.02372134,0.028829167,0.03314145,0.8481096,0.019758852,0.028374286,0
0.012501688,0.91124886,0.020641046,0.019842142,0.009733428,0.011093985,0.01493883,0
0.008690465,0.014081843,0.9316247,0.015010315,0.012784955,0.006322918,0.011484829,0
0.02146318,0.020617755,0.025209429,0.027668895,0.8510382,0.028021643,0.025980854,0
0.01332684,0.011379933,0.9315029,0.012767011,0.011695803,0.007823861,0.011503748,0
0.030302573,0.030298868,0.026668282,0.035862043,0.026528286,0.809856,0.040483937,0
0.8221105,0.010864885,0.04945262,0.025681918,0.04590784,0.029693263,0.016288878,0
0.043152086,0.031391654,0.027098352,0.017986866,0.8268547,0.029110044,0.02440635,0
0.020320047,0.029685264,0.019064903,0.8816199,0.017236184,0.016955115,0.015118561,0
0.015442194,0.038360395,0.033588666,0.020084968,0.021550547,0.027011586,0.8439616,0
0.021309907,0.025154809,0.019921312,0.8804925,0.020269247,0.01672654,0.016125636,0
0.02019741,0.0293912,0.032539412,0.023293002,0.0213164,0.021813734,0.8514488,0
0.010971343,0.010286159,0.932738,0.013054437,0.011324788,0.008104749,0.01352065,0
0.024782646,0.025447007,0.033447962,0.023253111,0.8507408,0.016275693,0.026052771,0
0.84565455,0.022419857,0.031844314,0.023962496,0.033221018,0.02425393,0.01864392,0
0.01136687,0.016616514,0.92831314,0.014800881,0.009445096,0.007076682,0.012380688,0
0.012253439,0.91436374,0.015247623,0.016823564,0.014155609,0.01127046,0.015885508,0
0.85584337,0.042042624,0.028409507,0.02865523,0.016314063,0.015765,0.012970161,0
0.01009427,0.01139443,0.9325188,0.012595494,0.011596947,0.008469701,0.013330328,0
0.018242043,0.03540697,0.03288244,0.016401282,0.024639446,0.024565034,0.8478627,0
0.014970728,0.91243994,0.01455581,0.0178345,0.010887423,0.013874859,0.015436681,0
0.011877077,0.010668889,0.9336184,0.013738852,0.010117235,0.007589695,0.012389843,0
0.88259304,0.01624232,0.02868927,0.022888605,0.014733814,0.01974659,0.015106265,0
0.020043263,0.02248743,0.027594307,0.02432315,0.85489094,0.02306301,0.027597914,0
0.019173855,0.018680973,0.036866568,0.025837954,0.8474452,0.019044636,0.032950867,0
0.8883305,0.018285718,0.02347562,0.019526374,0.014388044,0.020492269,0.015501427,0
0.011361579,0.010665285,0.93473667,0.014598005,0.00944291,0.006075027,0.013120469,0
0.009543216,0.013167684,0.9243698,0.013871313,0.010612121,0.006751895,0.021684052,0
0.022591239,0.025388194,0.024400523,0.8778324,0.01649898,0.016940538,0.016348045,0
0.886158,0.017828323,0.020918373,0.021040235,0.013991215,0.025764538,0.014299321,0
0.016305363,0.9128202,0.012587845,0.019154683,0.012463114,0.012652162,0.014016706,0
0.017936492,0.034689136,0.034024693,0.02313363,0.02407264,0.020241776,0.84590155,0
0.010245478,0.914676,0.016507907,0.016998151,0.013062678,0.011765068,0.01674473,0
0.011903366,0.9138804,0.015883744,0.015758282,0.011907714,0.010607392,0.020059088,0
0.010134935,0.01350101,0.9320802,0.013812059,0.010592644,0.006132653,0.013746479,0
0.010988186,0.013832001,0.92707133,0.012477832,0.013876096,0.009364231,0.012390262,0
0.011135959,0.9147681,0.017507615,0.01803782,0.011415158,0.010745594,0.016389951,0
0.8856048,0.014621428,0.026771093,0.021587025,0.013727331,0.022302847,0.015385424,0
0.022601597,0.021145456,0.027318193,0.031483643,0.8521392,0.020163001,0.025148943,0
0.012957889,0.010396914,0.9333182,0.012778712,0.010158336,0.006425172,0.013964689,0
0.018681262,0.02417922,0.035417438,0.8779454,0.014133179,0.011098724,0.018544761,0
0.878467,0.016082237,0.020155111,0.02796602,0.01726281,0.025840648,0.014226144,0
0.01036289,0.012955954,0.9338764,0.010921766,0.010774585,0.007684858,0.013423665,0
0.017931653,0.022476291,0.038980473,0.87442386,0.017973797,0.012256767,0.01595709,0
0.011988514,0.012356208,0.92901284,0.020504579,0.008470341,0.006063959,0.011603493,0
0.010089724,0.012446421,0.9325674,0.017390084,0.010418155,0.006129347,0.010958723,0
0.88825786,0.017231591,0.020824352,0.024737867,0.013445789,0.022199308,0.013303082,0
0.8774099,0.014141034,0.0304986,0.025398472,0.013696748,0.023968002,0.01488731,0
0.012177876,0.9146775,0.014310561,0.018014658,0.012258924,0.01131853,0.017241998,0
0.02111946,0.025038242,0.021360673,0.8850851,0.016043259,0.01582963,0.015523618,0
0.014708182,0.054896425,0.01971403,0.85418165,0.018851936,0.019633261,0.0180145,0
0.010634483,0.9075927,0.01625415,0.017893082,0.022020161,0.012550426,0.013055065,0
0.02070794,0.029119488,0.032800335,0.020658026,0.85310477,0.022451626,0.021157792,0
0.015377403,0.9136918,0.0146476,0.015520869,0.013229912,0.011378373,0.016153987,0
0.01876292,0.023996886,0.028922265,0.8837322,0.015697733,0.013711001,0.01517697,0
0.011925134,0.009846364,0.9280681,0.019422986,0.010710677,0.005714949,0.014311723,0
0.01002379,0.011736226,0.93423176,0.011855673,0.011750416,0.007610683,0.01279147,0
0.76637703,0.08376858,0.06347912,0.029033853,0.017240869,0.024232196,0.015868278,0
0.8549019,0.0265715,0.034435578,0.02315359,0.015298136,0.029746963,0.015892409,0
0.020320987,0.028942702,0.021671925,0.020469982,0.85033816,0.025587779,0.032668542,0
0.011587883,0.011502438,0.93447614,0.012766381,0.010435741,0.007177837,0.012053601,0
0.046005584,0.038574904,0.020382283,0.029592063,0.025823165,0.8028465,0.036775514,0
0.015425512,0.9103796,0.017999148,0.018447647,0.011488899,0.011100713,0.015158703,0
0.020240977,0.022795789,0.023367519,0.88522786,0.016956797,0.014475872,0.016935209,0
0.024519403,0.049227547,0.026705505,0.031175496,0.02421279,0.053346455,0.79081285,0
0.018597702,0.03066619,0.030339051,0.025690908,0.8488222,0.021116022,0.024768006,0
0.0147408,0.039381847,0.039356355,0.016378023,0.02513863,0.024406895,0.84059745,0
0.021302646,0.02930857,0.02220359,0.8788294,0.01628524,0.017512618,0.014557883,0
0.80960786,0.01101868,0.040466003,0.07532277,0.015699027,0.03228973,0.015596017,0
0.020104202,0.026049713,0.02879347,0.882232,0.01619806,0.011693617,0.014928954,0
0.029390013,0.03403809,0.019928707,0.86693305,0.016559731,0.01564,0.017510407,0
0.8870549,0.020278871,0.022462515,0.021712255,0.0151887,0.019615933,0.013686801,0
0.014045122,0.9136046,0.014358036,0.018225815,0.01039128,0.011006447,0.018368645,0
0.023194281,0.03405611,0.06872905,0.016439335,0.02195024,0.023810042,0.811821,0
0.015901595,0.03245994,0.029389037,0.02492484,0.022866573,0.024980478,0.8494776,0
0.012622418,0.91563284,0.015801128,0.01659737,0.01284902,0.012232567,0.014264618,0
0.018131118,0.90847623,0.017893247,0.019213751,0.013693714,0.011724415,0.010867443,0
0.010582229,0.010886506,0.9329212,0.014884099,0.0117445,0.006799072,0.012182331,0
0.010833445,0.012723709,0.9348954,0.013748075,0.009054108,0.006225691,0.012519633,0
0.014907778,0.9084005,0.016039604,0.019457009,0.01216887,0.014103448,0.014922907,0
0.026637955,0.018326886,0.030953672,0.023455499,0.8499634,0.02625679,0.024405833,0
0.011093169,0.9148152,0.017604811,0.017975766,0.013140339,0.011272207,0.014098722,0
0.013884225,0.039161988,0.027558241,0.021714767,0.027600892,0.025092538,0.8449873,0
0.017450336,0.03561064,0.02663788,0.025557157,0.024881484,0.020840576,0.8490219,0
0.055563428,0.02480545,0.03493082,0.025989754,0.02512315,0.8046165,0.028970895,0
0.019922975,0.024813585,0.025130177,0.88411635,0.016386582,0.012099047,0.017531382,0
0.009688469,0.011660363,0.9322985,0.01350551,0.013077425,0.005294483,0.014475266,0
0.007753394,0.01688317,0.9187885,0.017914351,0.015029042,0.008614032,0.01501748,0
0.0324343,0.032382693,0.02936801,0.02694896,0.028127877,0.8046987,0.04603945,0
0.008567581,0.011685577,0.929929,0.01586443,0.011346001,0.007122958,0.015484337,0
0.012154249,0.012821362,0.93212306,0.014094188,0.012022549,0.006930231,0.00985434,0
0.014363375,0.91343105,0.014005874,0.021055939,0.011254745,0.012563773,0.013325186,0
0.009980795,0.012233053,0.93331033,0.015233613,0.01146224,0.005873845,0.011906159,0
0.009080781,0.015900042,0.92891335,0.014595062,0.008011277,0.007191536,0.016307795,0
0.052177873,0.016731046,0.06665874,0.020612929,0.03127578,0.7083084,0.104235336,0
0.008647872,0.019320337,0.9262828,0.013676276,0.010873226,0.006321533,0.014877955,0
0.046059147,0.028488271,0.017859712,0.03441808,0.024899505,0.7998974,0.04837785,0
0.009660847,0.01274083,0.93353444,0.013943562,0.011077984,0.005764199,0.013278155,0
0.88054734,0.018870665,0.028494934,0.02126864,0.018920537,0.019594552,0.012303494,0
0.048214294,0.027191969,0.031777963,0.0253144,0.02287086,0.81226826,0.032362256,0
0.015218816,0.91505426,0.016512867,0.01577397,0.012259373,0.010667351,0.014513429,0
0.014830109,0.91119707,0.017529223,0.015662342,0.014387775,0.011960645,0.014432913,0
0.040119514,0.028958844,0.029252412,0.02832086,0.02150661,0.8158086,0.0360332,0
0.018840576,0.028896838,0.027559832,0.028712014,0.85283285,0.021014253,0.022143535,0
0.018180901,0.02390655,0.02592371,0.884673,0.017737119,0.014395336,0.015183436,0
0.012260503,0.011517573,0.92975885,0.016284024,0.013469536,0.005549742,0.011159745,0
0.019958522,0.023120584,0.024422374,0.88648623,0.015284574,0.014019155,0.016708694,0
0.010135889,0.010991926,0.93423486,0.013168108,0.010722721,0.006409822,0.014336578,0
0.010393254,0.01078413,0.93258846,0.015209699,0.011227653,0.006127805,0.013669096,0
0.010951781,0.9116012,0.016551582,0.016542636,0.015663208,0.013740057,0.01494948,0
0.015966231,0.041594166,0.02809295,0.01758606,0.02465721,0.029512083,0.8425913,0
0.019591464,0.033840444,0.0237505,0.021952922,0.8471079,0.024652839,0.029103931,0
0.010406671,0.013738391,0.93025297,0.016514575,0.009339308,0.007217756,0.012530348,0
0.010826279,0.015660556,0.91218555,0.01523046,0.010494601,0.008508799,0.02709383,0
0.88109976,0.01976728,0.02463825,0.021426724,0.01791311,0.02383569,0.011319146,0
0.009206861,0.013148698,0.92230934,0.01500363,0.011762258,0.01089311,0.017676255,0
0.013182985,0.91385263,0.014005299,0.015966335,0.014799351,0.012646562,0.015546779,0
0.049751293,0.0304579,0.016118377,0.035661224,0.02959836,0.80466056,0.03375234,0
0.01997467,0.025057014,0.034684356,0.020318812,0.026132427,0.023284087,0.8505486,0
0.014590881,0.9139583,0.017636482,0.018318318,0.010710061,0.010615264,0.014170892,0
0.013039845,0.012478844,0.93072957,0.014418954,0.008848205,0.006404099,0.014080561,0
0.014972256,0.018363018,0.92394507,0.01582455,0.008884606,0.005813238,0.012197307,0
0.022951316,0.024940904,0.029828152,0.018893763,0.8553657,0.02415708,0.023863101,0
0.87047464,0.012266958,0.02079177,0.030482233,0.019645082,0.030215647,0.016123682,0
0.010290949,0.012162988,0.93358755,0.012084049,0.010309543,0.006508888,0.015056112,0
0.011861626,0.91233003,0.015366621,0.019667825,0.013451832,0.014678155,0.012643866,0
0.018173082,0.009646146,0.88918126,0.045743905,0.013836217,0.011974247,0.011445112,0
0.018722802,0.899067,0.012355753,0.019151937,0.013623882,0.013805263,0.023273421,0
0.022869287,0.021656694,0.024417076,0.8837123,0.014273706,0.014534064,0.018536821,0
0.02259477,0.02565691,0.021534456,0.883048,0.017927103,0.012916573,0.016322253,0
0.015157151,0.91332334,0.012457176,0.017316915,0.014655047,0.011930126,0.015160201,0
0.035232875,0.021835668,0.01882337,0.86476386,0.023358913,0.019791225,0.016194066,0
0.033897534,0.85689247,0.025494397,0.027285727,0.008489702,0.009382879,0.038557366,0
0.012964534,0.9146119,0.014547711,0.018609095,0.011983912,0.012007255,0.015275531,0
0.88024086,0.014652412,0.01979372,0.028042842,0.017347105,0.023593405,0.016329633,0
0.010676222,0.013516747,0.92281806,0.013290727,0.012591576,0.012353911,0.01475285,0
0.018712854,0.025607895,0.026782291,0.88116753,0.018920477,0.013373137,0.015435833,0
0.02275121,0.02615706,0.041039206,0.015869247,0.02407669,0.032087255,0.8380194,0
0.009268998,0.0116596,0.9320482,0.014176348,0.013107646,0.005637394,0.014101794,0
0.053964555,0.026140967,0.030958641,0.02311518,0.025165118,0.8121165,0.028539054,0
0.027364084,0.023201875,0.028073026,0.028885879,0.851191,0.018268961,0.0230152,0
0.012948034,0.018215615,0.9263128,0.015381979,0.009260906,0.005966301,0.011914446,0
0.021831593,0.033636834,0.023583783,0.028908754,0.8458443,0.02089379,0.025300909,0
0.8842127,0.01643592,0.024368534,0.023694612,0.014165257,0.022782428,0.014340585,0
0.022205338,0.022900261,0.033999577,0.024274377,0.85342485,0.01760188,0.025593754,0
0.011648115,0.013001037,0.93164265,0.013433839,0.010459541,0.007994581,0.011820179,0
0.014490621,0.04726209,0.0376889,0.015666032,0.021674713,0.028144576,0.83507305,0
0.022122458,0.024615742,0.03691838,0.020845564,0.85162514,0.022386752,0.021486044,0
0.011567235,0.91612905,0.015037566,0.017323473,0.012200349,0.011918467,0.015823932,0
0.057108283,0.02013539,0.033583283,0.02551996,0.024997955,0.7867959,0.051859215,0
0.013435688,0.91513014,0.017786862,0.017168146,0.010444782,0.010591487,0.015442872,0
0.009505312,0.012337713,0.93202716,0.013322779,0.010294595,0.006726052,0.015786467,0
0.011031544,0.012633068,0.93374765,0.013812943,0.01114554,0.006064514,0.011564757,0
0.015510902,0.9120007,0.013745305,0.015417379,0.013674818,0.013029037,0.016621934,0
0.009014041,0.014265339,0.93310684,0.013795778,0.010932578,0.006044151,0.012841224,0
0.012698578,0.9142144,0.016301036,0.018517952,0.010049019,0.012484137,0.015735043,0
0.040423248,0.013294742,0.8992658,0.016488282,0.009195891,0.010597426,0.010734551,0
0.015693914,0.02855911,0.03782833,0.021431634,0.022601478,0.024909431,0.8489761,0
0.009912736,0.011212549,0.93372357,0.013247772,0.013444253,0.006696963,0.01176225,0
0.011410192,0.011570466,0.9349029,0.012729097,0.009501762,0.007731924,0.012153599,0
0.011795781,0.013673241,0.9288383,0.010583415,0.009110488,0.006369636,0.019629214,0
0.017384697,0.029050402,0.025646606,0.87449354,0.016812097,0.01703194,0.019580787,0
0.037347812,0.020011555,0.022316413,0.8694377,0.015243942,0.012933406,0.022709109,0
0.008938732,0.014913052,0.9307082,0.015221363,0.009394277,0.006633411,0.014190955,0
0.010173074,0.051194474,0.040815346,0.027638286,0.026843594,0.02032214,0.823013,0
0.88843673,0.016694278,0.023700656,0.023215597,0.013545847,0.021431636,0.012975359,0
0.01208772,0.91548485,0.01665986,0.017528763,0.011848016,0.011197889,0.015192855,0
0.88404787,0.01597898,0.019388165,0.02125126,0.015994655,0.02788589,0.015453249,0
0.044536795,0.027394414,0.018635893,0.033340372,0.029342905,0.80832946,0.038420144,0
0.017468546,0.90784895,0.012564886,0.018054912,0.011873499,0.012905978,0.019283198,0
0.13238145,0.03129649,0.03607177,0.040964633,0.045838002,0.6955568,0.01789079,1
0.02400966,0.8913662,0.021709919,0.014110451,0.02210615,0.012654395,0.014043159,1
0.044813447,0.24066126,0.05360495,0.04353587,0.022917518,0.086411,0.508056,1
0.020137591,0.04154559,0.09903303,0.7363103,0.020995952,0.027255397,0.05472208,1
0.058454726,0.11890418,0.17625006,0.56309325,0.019917762,0.014530057,0.048850056,1
0.04981965,0.022472864,0.09272387,0.016707463,0.025001809,0.022181274,0.7710931,1
0.1343966,0.006795116,0.589408,0.0953158,0.100561686,0.05216803,0.021354893,1
0.25929815,0.024530146,0.0700959,0.04645633,0.056695256,0.38605472,0.15686949,1
0.008389897,0.023403786,0.9114611,0.018305827,0.014962293,0.004844419,0.01863271,1
0.01277133,0.012073048,0.918421,0.025799459,0.010250221,0.006020481,0.01466451,1
0.030733742,0.033965208,0.019360235,0.10300478,0.74562263,0.033239506,0.03407392,1
0.7077846,0.059135124,0.014652884,0.04677626,0.09476295,0.055379897,0.021508256,1
0.012440834,0.90894186,0.017691353,0.01812792,0.011889811,0.01112053,0.01978776,1
0.042236544,0.020822166,0.025383638,0.02196346,0.83570623,0.028922109,0.024965798,1
0.031318065,0.018659215,0.032319672,0.8757651,0.016960416,0.010782531,0.014194918,1
0.84814024,0.029164394,0.013342049,0.051204782,0.019511266,0.022841157,0.015796045,1
0.034504104,0.02259045,0.2843674,0.6155467,0.018976042,0.010376088,0.013639201,1
0.03656431,0.022357928,0.05147819,0.016519729,0.03094137,0.030247426,0.8118911,1
0.40398002,0.021183103,0.020176763,0.064342365,0.036929797,0.37552202,0.07786599,1
0.014765487,0.9130846,0.015681231,0.017086634,0.011765524,0.012199269,0.015417306,1
0.08291279,0.021838933,0.030185945,0.795659,0.016681751,0.013121777,0.039599854,1
0.038470883,0.022473324,0.08908116,0.016482864,0.02400505,0.022647686,0.786839,1
0.746437,0.082736194,0.012152603,0.06875541,0.02820236,0.035475355,0.026241014,1
0.012302244,0.04769858,0.14977017,0.72392136,0.01813751,0.007793914,0.0403762,1
0.013709104,0.9159695,0.015475098,0.017726105,0.01121161,0.011252915,0.014655638,1
0.052522924,0.08279891,0.6332341,0.15636373,0.01032767,0.009693102,0.05505949,1
0.014326956,0.2778663,0.33438742,0.03541162,0.0703447,0.03505799,0.23260501,1
0.033787765,0.018658467,0.028950721,0.874676,0.016371109,0.0137527,0.013803215,1
0.01693057,0.059307665,0.090189844,0.01715023,0.02149301,0.017039124,0.7778895,1
0.006920483,0.05790686,0.8300605,0.015525876,0.039269738,0.015058503,0.035258032,1
0.018928241,0.030392535,0.20317934,0.6980662,0.012654807,0.010480703,0.026298188,1
0.020027481,0.030619305,0.8797226,0.026592417,0.008868616,0.004355563,0.029814,1
0.7603821,0.0563481,0.03130853,0.02823941,0.019397454,0.06896535,0.035358932,1
0.010842598,0.88273746,0.02942211,0.022697743,0.024610292,0.0175803,0.012109533,1
0.026023444,0.018350214,0.053666987,0.024630513,0.8268093,0.029032143,0.021487439,1
0.012862865,0.9113208,0.01675978,0.015470105,0.016223917,0.011446488,0.015916051,1
0.055811983,0.02348859,0.061321765,0.016745305,0.027473526,0.027696576,0.7874622,1
0.009401822,0.010232041,0.8905458,0.018320663,0.015712794,0.009287149,0.046499718,1
0.020791072,0.018810246,0.032250226,0.03491496,0.793725,0.025078287,0.07443012,1
0.016453562,0.034062196,0.18157078,0.01693518,0.03287606,0.012803348,0.70529884,1
0.014847847,0.013047451,0.90714043,0.029426575,0.015039367,0.008020273,0.012477981,1
0.21032819,0.019547857,0.32799643,0.26438382,0.05181012,0.01948998,0.10644355,1
0.42385602,0.018056436,0.03617243,0.027660374,0.06264233,0.092220806,0.33939162,1
0.013503332,0.9141074,0.016098434,0.014394236,0.014433516,0.011947458,0.015515649,1
0.022273932,0.093734674,0.59080756,0.11171075,0.016073953,0.010824081,0.15457502,1
0.017026167,0.024507489,0.8577297,0.02844039,0.024639223,0.006569326,0.0410878,1
0.010551704,0.9139768,0.015481508,0.019912926,0.011876023,0.012410302,0.015790656,1
0.02691991,0.076519184,0.66652,0.06363488,0.04288292,0.050323565,0.07319953,1
0.840225,0.025476348,0.01987514,0.032618053,0.02296747,0.035485543,0.02335239,1
0.026532328,0.022285748,0.044673465,0.027696643,0.79857934,0.030494343,0.049738128,1
0.866867,0.012954114,0.044091642,0.025078006,0.012177925,0.0252639,0.013567323,1
0.014428731,0.022158662,0.8312979,0.08574239,0.015073408,0.00622245,0.02507637,1
0.010934867,0.014503688,0.9168379,0.022730907,0.008961231,0.007340889,0.01869063,1
0.7692446,0.048904743,0.034222584,0.08350792,0.026869567,0.02346799,0.01378265,1
0.02356987,0.85091364,0.047946412,0.034534138,0.006527607,0.01855182,0.01795658,1
0.83047473,0.05425592,0.038226772,0.020029048,0.022681765,0.023277331,0.011054368,1
0.009390637,0.015536057,0.9105373,0.030081814,0.008550382,0.006762416,0.01914144,1
0.14259598,0.11704208,0.21812274,0.03413306,0.39555946,0.03931075,0.053236008,1
0.33983302,0.018396752,0.25511852,0.031122705,0.045367148,0.27408698,0.036074877,1
0.017652353,0.016073424,0.8638904,0.053642757,0.018446673,0.007756273,0.022538194,1
0.14671543,0.4040092,0.014241451,0.064330764,0.31536427,0.038895816,0.016443035,1
0.010505138,0.013462723,0.92841077,0.013298349,0.010560918,0.008111207,0.015650878,1
0.007365309,0.016471712,0.91355824,0.02107808,0.013655365,0.007013658,0.020857606,1
0.017424662,0.019986408,0.555644,0.09581851,0.13703899,0.009549357,0.16453809,1
0.02129615,0.02321244,0.026119607,0.88414496,0.014974128,0.016155055,0.014097665,1
0.007725129,0.014751332,0.9186425,0.02129708,0.012026805,0.006744371,0.018812872,1
0.007342706,0.020155303,0.91805327,0.01609637,0.013629301,0.004843127,0.019879911,1
0.8674819,0.015866742,0.02364536,0.03500899,0.01696544,0.03158022,0.009451397,1
0.6212911,0.01906055,0.24770583,0.031254195,0.020178065,0.016660653,0.043849643,1
0.08161268,0.19553283,0.35423476,0.2113597,0.01395865,0.05498708,0.0883143,1
0.85628957,0.031371377,0.039375205,0.020363556,0.014256849,0.02300999,0.015333527,1
0.010507737,0.010756671,0.91624475,0.01888533,0.013578843,0.009522568,0.020504108,1
0.00925541,0.90797585,0.0211655,0.018650182,0.011289311,0.013694038,0.017969737,1
0.02071298,0.012895145,0.8920833,0.026022464,0.007027764,0.018087463,0.023171008,1
0.06898415,0.015044176,0.03773671,0.022097522,0.782855,0.03962151,0.033660933,1
0.012815086,0.8787037,0.037941802,0.017369216,0.017835611,0.008994575,0.02634009,1
0.3512207,0.094727084,0.05792779,0.21463166,0.06602458,0.053609062,0.16185914,1
0.010441775,0.91092587,0.019184925,0.018787451,0.014505722,0.011876339,0.014277985,1
0.051166665,0.013609919,0.031250406,0.845734,0.024179474,0.013548717,0.020510746,1
0.019590585,0.035042565,0.84259343,0.026797464,0.02162426,0.042126417,0.012225278,1
0.11468277,0.19358163,0.22959058,0.0210658,0.038237955,0.19372763,0.20911372,1
0.015990699,0.01644965,0.92448276,0.009924222,0.013727718,0.010411198,0.009013763,1
0.02021777,0.038161844,0.02682085,0.86671746,0.013478296,0.021772474,0.012831297,1
0.04403191,0.032907743,0.034599163,0.03078219,0.8166992,0.023791578,0.01718816,1
0.026520785,0.8162897,0.09013608,0.01629139,0.027035724,0.010820034,0.012906214,1
0.019926228,0.038567137,0.08400278,0.019961368,0.025309602,0.01666005,0.7955729,1
0.017938098,0.89527315,0.026381414,0.024244597,0.014431053,0.008168586,0.013563113,1
0.008756508,0.0140776,0.9312916,0.012447787,0.011897775,0.007221887,0.014306943,1
0.025637636,0.030662954,0.18415937,0.72097474,0.016260184,0.009051849,0.013253276,1
0.020654691,0.008551722,0.9029117,0.010447611,0.014930536,0.01358798,0.028915612,1
0.03664061,0.018536361,0.04433704,0.029802572,0.8224343,0.024355039,0.023894109,1
0.013908647,0.022135304,0.05103454,0.8549785,0.022527583,0.010986242,0.024429265,1
0.030474817,0.020308511,0.049598087,0.85244685,0.018602062,0.013866537,0.014703129,1
0.02673824,0.02537358,0.026636513,0.8768775,0.015585543,0.01526158,0.013527156,1
0.021983353,0.031534027,0.022766264,0.8698925,0.014170942,0.013002066,0.026650878,1
0.021229303,0.023134967,0.82380736,0.033164065,0.021238185,0.013325038,0.064101055,1
0.072567984,0.020493334,0.03258158,0.79679036,0.0171141,0.011695584,0.048757102,1
0.008145855,0.024662813,0.8908033,0.03777669,0.012821958,0.004290755,0.021498645,1
0.74555266,0.008071238,0.02626672,0.062024243,0.026639191,0.09077062,0.040675223,1
0.021830602,0.010809525,0.9148243,0.010958896,0.016540669,0.008635653,0.0164003,1
0.017142938,0.8499878,0.010354072,0.030194974,0.040469702,0.028334182,0.02351631,1
0.0664427,0.034059696,0.061743777,0.03493813,0.017282575,0.173557,0.6119761,1
0.025187341,0.89555997,0.023164874,0.013304209,0.012971953,0.013530491,0.016281083,1
0.022423752,0.018077232,0.88622856,0.028931247,0.022569777,0.005624622,0.016144747,1
0.017438708,0.014391775,0.7761279,0.13220628,0.013591428,0.009094898,0.03714905,1
0.0498409,0.030635005,0.02210119,0.022504574,0.03119729,0.7645242,0.0791968,1
0.01693467,0.03206955,0.8875165,0.031125959,0.006210582,0.005348562,0.020794172,1
0.8296124,0.03515397,0.059832074,0.02301815,0.017756341,0.018298393,0.016328558,1
0.06338339,0.03542105,0.018462982,0.025509372,0.79644054,0.033535562,0.027247187,1
0.010543802,0.9137693,0.014607883,0.020266097,0.012081769,0.012879246,0.015852034,1
0.01190423,0.021033725,0.54907584,0.3254155,0.017248549,0.020387964,0.05493415,1
0.044905934,0.11659988,0.6174718,0.07431485,0.014879395,0.012232335,0.11959574,1
0.010309584,0.012826698,0.92776173,0.017691262,0.011780243,0.004583079,0.015047538,1
0.32285988,0.29437968,0.024751993,0.1149419,0.019726055,0.2029915,0.020349044,1
0.43422958,0.03801914,0.08231835,0.02046764,0.046183974,0.14384736,0.23493394,1
0.06456784,0.021274997,0.16881119,0.019439176,0.023723625,0.023400962,0.6787822,1
0.01259834,0.09352942,0.16709769,0.0324541,0.029320193,0.02010486,0.64489543,1
0.07553095,0.051393926,0.33358157,0.022337573,0.019582264,0.015491829,0.48208192,1
0.029171972,0.020729575,0.0503318,0.017779099,0.030100005,0.028979432,0.82290804,1
0.06583737,0.095076405,0.020717714,0.049431104,0.038244892,0.70106095,0.02963152,1
0.010232941,0.009360408,0.91704404,0.025102228,0.015525339,0.010136444,0.012598616,1
0.834697,0.02063625,0.017921383,0.027179483,0.016545322,0.065479815,0.01754066,1
0.42669827,0.15029554,0.08893123,0.04212833,0.015994724,0.06467121,0.21128061,1
0.011517676,0.03188146,0.16665703,0.07877601,0.6561504,0.02628986,0.028727574,1
0.009452595,0.027786816,0.86718327,0.045205902,0.007826984,0.014012215,0.028532114,1
0.05906949,0.03164182,0.20108718,0.019377552,0.031085938,0.012423695,0.6453143,1
0.013580626,0.074144505,0.10259932,0.7344916,0.033287004,0.013502315,0.028394582,1
0.03012961,0.8878059,0.020960502,0.018943489,0.011417849,0.014411507,0.016331093,1
0.5920799,0.030668842,0.055959396,0.010878623,0.15342854,0.12120327,0.03578139,1
0.021141527,0.55102843,0.09085431,0.054295972,0.032850735,0.09219984,0.15762918,1
0.07733188,0.028762512,0.05687981,0.023352763,0.022903377,0.5790862,0.2116835,1
0.029839935,0.06741324,0.035443816,0.04167879,0.022148574,0.7331308,0.07034477,1
0.69288605,0.09898581,0.0760258,0.05028872,0.01595158,0.013733013,0.05212907,1
0.008178306,0.04227054,0.87935436,0.019489858,0.02338848,0.008802496,0.018515933,1
0.031219253,0.026947754,0.03189319,0.8710258,0.013183409,0.011909599,0.013820943,1
0.011216959,0.9091038,0.012277379,0.019932078,0.017856795,0.013787244,0.015825624,1
0.016749093,0.015742619,0.9229744,0.012787825,0.012893369,0.005726431,0.013126257,1
0.008992374,0.8179381,0.10616708,0.023830583,0.01387151,0.013425054,0.01577526,1
0.024058776,0.032800145,0.1731059,0.69634205,0.015082485,0.032026343,0.02658427,1
0.10948414,0.17197418,0.22667433,0.14498709,0.042449966,0.009760252,0.29467002,1
0.032664455,0.009116208,0.8892701,0.010928001,0.010080067,0.018707007,0.02923409,1
0.020692214,0.015298155,0.89684236,0.014434558,0.008467629,0.007471808,0.03679315,1
0.7796617,0.013513466,0.064896815,0.02029375,0.016424477,0.039267488,0.065942355,1
0.009730408,0.011460609,0.9276616,0.020368997,0.01244864,0.005598171,0.012731551,1
0.012173467,0.90398914,0.021353826,0.018272806,0.013888046,0.011203355,0.019119326,1
0.056845475,0.0258368,0.122087225,0.025914593,0.72688395,0.024393266,0.01803862,1
0.021253003,0.05615172,0.05752017,0.01603077,0.02484914,0.015980965,0.8082143,1
0.007665047,0.017429158,0.928185,0.014017179,0.011296596,0.006165389,0.01524155,1
0.31320387,0.24394315,0.04020431,0.081681445,0.052610718,0.09930463,0.16905187,1
0.010373544,0.011726157,0.92998976,0.01501724,0.009630503,0.008714573,0.014548264,1
0.004978852,0.024684336,0.8600733,0.017193565,0.02388929,0.00951423,0.059666395,1
0.017255003,0.028188696,0.027665751,0.8832358,0.015306165,0.013473364,0.01487526,1
0.04058661,0.8666858,0.027228378,0.023238659,0.020612093,0.012980823,0.008667585,1
0.016888702,0.13119933,0.5582026,0.10704149,0.017082946,0.007575188,0.1620096,1
0.6493581,0.018844254,0.053007465,0.014331564,0.029938031,0.069646336,0.16487414,1
0.8248349,0.030285003,0.040333223,0.020906413,0.027811196,0.038921114,0.016908161,1
0.368986,0.21820958,0.013577867,0.14358284,0.0470238,0.1965638,0.012055975,1
0.014168561,0.21106431,0.5827701,0.07897928,0.08346526,0.009497094,0.020055374,1
0.013683492,0.01283539,0.90404165,0.008934078,0.013187729,0.014240649,0.033077084,1
0.0173163,0.8959554,0.015936611,0.014452789,0.023860047,0.01127237,0.021206463,1
0.72484773,0.052933257,0.014432764,0.06796159,0.07029729,0.036644008,0.032883435,1
0.011220207,0.015028443,0.8810467,0.01988417,0.01194918,0.018561278,0.042310126,1
0.060216222,0.019988116,0.7157627,0.13212524,0.0459182,0.008822001,0.017167596,1
0.013919413,0.91253453,0.013474687,0.01682865,0.015382236,0.011754663,0.016105909,1
0.0305825,0.013986254,0.90961534,0.017840674,0.00960705,0.006673076,0.011695106,1
0.51518875,0.030273922,0.025943799,0.018847117,0.02374439,0.23969993,0.14630215,1
0.010820405,0.012023401,0.91918766,0.023287078,0.013198933,0.004744952,0.016737584,1
0.008678636,0.027654236,0.89135796,0.03537041,0.015167433,0.006718057,0.015053353,1
0.00778914,0.01397781,0.9083841,0.0332818,0.012809644,0.00587732,0.017880116,1
0.018214721,0.90673226,0.012980866,0.014692446,0.012722657,0.011775128,0.022881936,1
0.010023089,0.033646774,0.8712224,0.018460732,0.0205698,0.020659218,0.02541816,1
0.061235126,0.021356706,0.07126689,0.018289637,0.031014154,0.02778635,0.7690512,1
0.023718905,0.017747723,0.91045684,0.014462501,0.011663948,0.00880326,0.013146862,1
0.016633367,0.009044392,0.89550126,0.03957763,0.021623539,0.005286196,0.012333721,1
0.023926467,0.018084425,0.027751336,0.8810723,0.01927323,0.01541607,0.014476134,1
0.017221764,0.90840405,0.019173164,0.017573692,0.010304419,0.012108478,0.015214464,1
0.009736371,0.015730117,0.91523206,0.020730142,0.014037586,0.004814962,0.01971885,1
0.016070388,0.90036047,0.022534963,0.019742165,0.017366448,0.009483988,0.014441579,1
0.017018639,0.02766647,0.03163216,0.87356067,0.013958401,0.017899638,0.018264085,1
0.013003593,0.9134128,0.018546194,0.01864432,0.012254029,0.011278749,0.012860164,1
0.008641256,0.017090676,0.88968986,0.026499547,0.022289641,0.008364058,0.02742505,1
0.8598159,0.012154296,0.020792916,0.027464703,0.018407611,0.036625534,0.024738979,1
0.10368713,0.013174956,0.7736498,0.039038338,0.018919341,0.026297182,0.025233217,1
0.023832327,0.076164424,0.074696615,0.013370155,0.09006253,0.52832985,0.1935441,1
0.015878176,0.91153926,0.015635937,0.015512556,0.012010099,0.011687129,0.017736807,1
0.021753544,0.009272802,0.91549695,0.01598737,0.012054011,0.00859997,0.016835244,1
0.07442767,0.017500518,0.82620215,0.008585041,0.034709767,0.01146794,0.027106846,1
0.07600659,0.055405017,0.62287533,0.046294134,0.08957951,0.018687142,0.09115222,1
0.013367676,0.9004168,0.0282395,0.020624576,0.010986208,0.008564697,0.017800657,1
0.00735367,0.018571401,0.9131613,0.017298711,0.020219907,0.005467834,0.017927306,1
0.025545973,0.2212256,0.026762128,0.022329936,0.6451354,0.024023024,0.034978006,1
0.7287639,0.052319307,0.027839106,0.057398506,0.04062066,0.07689106,0.016167372,1
0.11911809,0.010492181,0.17239675,0.5033873,0.02219777,0.047002755,0.12540516,1
0.060230803,0.012399054,0.6759219,0.017901698,0.035089206,0.027878603,0.17057873,1
0.01400201,0.12925003,0.03371529,0.031375207,0.019377975,0.019811999,0.75246745,1
0.29795325,0.029311256,0.057297453,0.019210352,0.0208657,0.50120455,0.0741574,1
0.6054454,0.07886421,0.011831984,0.032923624,0.029348997,0.06706562,0.17452022,1
0.014911422,0.036563948,0.10133739,0.74986744,0.011334122,0.037559792,0.04842592,1
0.009132663,0.016506225,0.9195176,0.02090903,0.016133774,0.007707764,0.01009296,1
0.019230373,0.0128732,0.84985733,0.019114174,0.013577255,0.011014272,0.07433329,1
0.017931983,0.015875824,0.9214486,0.01735336,0.008102884,0.004901815,0.014385502,1
0.12363304,0.013376092,0.27249536,0.53859764,0.01813047,0.016715292,0.017052094,1
0.14529972,0.04571833,0.042178042,0.020035341,0.019328648,0.16675527,0.5606846,1
0.013214069,0.20969382,0.59372425,0.12598716,0.026719896,0.010352971,0.02030778,1
0.014985474,0.028586024,0.14037412,0.057135798,0.39024314,0.022915434,0.34576,1
0.017990407,0.04493226,0.08069732,0.80040413,0.014461179,0.013920781,0.027594045,1
0.035239756,0.052215397,0.032506477,0.6699267,0.016453894,0.045278948,0.1483788,1
0.09663774,0.077439725,0.5910595,0.034284934,0.01742185,0.1700295,0.013126747,1
0.009928658,0.012556681,0.9255904,0.017890597,0.012706021,0.006449684,0.014878102,1
0.16884197,0.017611178,0.07676329,0.014433127,0.032273993,0.5987171,0.09135934,1
0.017697295,0.89248997,0.035865903,0.014331838,0.00906644,0.01210008,0.018448528,1
0.03432303,0.017443245,0.036969505,0.8708066,0.014110019,0.011552122,0.014795468,1
0.012901962,0.010733865,0.9287517,0.016561652,0.013253934,0.005924028,0.011872833,1
0.029816244,0.06183329,0.11475283,0.01915572,0.74078244,0.018289601,0.015369846,1
0.030422052,0.024497835,0.029808523,0.8733594,0.013950015,0.014848609,0.013113471,1
0.021087198,0.031498235,0.5741583,0.02533972,0.31692725,0.015327546,0.015661733,1
0.4394261,0.03316407,0.21089654,0.024296185,0.01531894,0.25003722,0.026860962,1
0.022957077,0.8944943,0.016766522,0.021568775,0.012740872,0.020734835,0.010737673,1
0.012830178,0.010377619,0.93021715,0.015165542,0.009705323,0.006664006,0.015040156,1
0.1051627,0.033541605,0.2416108,0.022351786,0.016309915,0.03531578,0.54570735,1
0.009083794,0.014646818,0.92753714,0.015337836,0.010575788,0.006351182,0.016467374,1
0.04236168,0.026579663,0.05778529,0.8233262,0.022167427,0.00753956,0.020240178,1
0.011560421,0.047265176,0.23801462,0.022125896,0.020155383,0.023986233,0.63689226,1
0.03656443,0.028606657,0.028524244,0.029965313,0.83610475,0.018685456,0.021549147,1
0.011000544,0.012344699,0.9203245,0.019131735,0.014128763,0.005194171,0.017875567,1
0.011815358,0.04464334,0.33763292,0.5169451,0.05145472,0.011158584,0.026349926,1
0.011523366,0.9148357,0.018109804,0.014807179,0.012693068,0.010921642,0.017109327,1
0.015718114,0.036767133,0.21452263,0.6614847,0.019210001,0.007189232,0.045108195,1
0.06353311,0.023032356,0.7773701,0.023484776,0.036807075,0.008022966,0.06774965,1
0.02454118,0.028336188,0.76167893,0.03848296,0.018655276,0.01020338,0.11810208,1
0.8001373,0.031084942,0.049638815,0.030726682,0.036700968,0.031278227,0.02043322,1
0.04580364,0.035660755,0.19413735,0.6627911,0.039295726,0.007416632,0.014894812,1
0.028037202,0.03631895,0.015947653,0.85527194,0.020333396,0.025217315,0.018873649,1
0.12782396,0.041905727,0.025145264,0.050393485,0.030217579,0.04680988,0.6777041,1
0.01475848,0.91088045,0.019532412,0.013219887,0.013742358,0.009748296,0.018118165,1
0.01734459,0.89954346,0.01832766,0.020686831,0.020040317,0.01305675,0.011000529,1
0.052747514,0.036660526,0.50704324,0.3017969,0.05009425,0.00482283,0.046834625,1
0.02842353,0.021279188,0.02288637,0.028657831,0.8499372,0.025165826,0.023649974,1
0.015305289,0.06334029,0.042228416,0.78434366,0.017336918,0.008805729,0.06863957,1
0.017831706,0.03736975,0.104145974,0.031631216,0.015293049,0.016819488,0.7769089,1
0.05378971,0.020033235,0.06171031,0.81332153,0.020602373,0.009074827,0.021468014,1
0.011045524,0.9135508,0.016206237,0.017188452,0.014364764,0.011644689,0.015999604,1
0.042696435,0.019792866,0.6640365,0.19073725,0.021520222,0.010517084,0.050699584,1
0.08084354,0.01565107,0.024761524,0.7844941,0.029115207,0.019074654,0.046059854,1
0.02764025,0.8950427,0.016753307,0.017478786,0.013877831,0.014432733,0.01477441,1
0.01978477,0.04168383,0.1256884,0.028949432,0.016274748,0.015222339,0.75239646,1
0.030235283,0.021995367,0.10493688,0.015797514,0.78135306,0.020779425,0.024902456,1
0.52554256,0.010058695,0.1405115,0.028506188,0.058600504,0.21138906,0.025391532,1
0.03993048,0.027415834,0.043939475,0.01672781,0.82001543,0.023855675,0.028115226,1
0.017886989,0.03743382,0.022585697,0.854302,0.019903429,0.018661218,0.029226823,1
0.014606323,0.8965985,0.015112628,0.030134935,0.008476757,0.011199232,0.023871675,1
0.017402213,0.009221736,0.88127285,0.04358377,0.010017998,0.005578026,0.032923404,1
0.07954169,0.022792723,0.013734734,0.074604146,0.022133114,0.7135699,0.07362368,1
0.0176439,0.028165298,0.060413145,0.846312,0.01512741,0.01612236,0.01621593,1
0.010031875,0.012306318,0.9293479,0.018471729,0.012218809,0.005631079,0.011992334,1
0.006812091,0.018454222,0.9096277,0.022422563,0.023556123,0.005923752,0.013203587,1
0.030365877,0.8830073,0.023039185,0.024453998,0.010631169,0.01762988,0.010872533,1
0.012456185,0.02634574,0.8965508,0.030071598,0.020739015,0.005808729,0.008027907,1
0.07204514,0.020134544,0.028741809,0.79185873,0.015723309,0.016050499,0.055445958,1
0.011771072,0.01864247,0.8853641,0.042059742,0.018396985,0.010435611,0.013329999,1
0.40211087,0.056756984,0.15783317,0.01645837,0.020786988,0.0931029,0.25295067,1
0.007548514,0.052849393,0.41834638,0.041856278,0.0367826,0.012334675,0.43028212,1
0.0711148,0.041292354,0.04424955,0.028233329,0.018684866,0.024984473,0.77144057,1
0.009204782,0.02518183,0.90895385,0.017153623,0.018485533,0.008256934,0.012763593,1
0.02654012,0.021462599,0.026786847,0.88109726,0.01641489,0.01139601,0.01630241,1
0.007997585,0.043902434,0.2383566,0.027202355,0.057742864,0.15177529,0.47302297,1
0.01206203,0.009264628,0.9234857,0.018014662,0.01327103,0.012108951,0.01179291,1
0.012947132,0.03860605,0.338058,0.024057055,0.027891846,0.023281494,0.5351584,1
0.011735758,0.010694317,0.932052,0.012646366,0.013857839,0.005654098,0.01335958,1
0.039173532,0.016119158,0.05537695,0.019959405,0.8231799,0.023685822,0.022505328,1
0.014665782,0.011570441,0.9241019,0.02014977,0.010599013,0.005964459,0.012948711,1
0.0196277,0.89887786,0.015480309,0.028075377,0.015142057,0.012103293,0.010693333,1
0.010786927,0.9134357,0.01634608,0.019390645,0.012374303,0.01152905,0.01613725,1
0.20570523,0.08766772,0.017871482,0.018143816,0.030296488,0.41731852,0.22299686,1
0.012302633,0.01158008,0.92990994,0.014791429,0.009920297,0.00699445,0.014501091,1
0.010721668,0.018608274,0.8834366,0.028618256,0.020378621,0.003877239,0.0343593,1
0.26454374,0.14954974,0.0189078,0.03174229,0.10394923,0.38476866,0.04653862,1
0.020431723,0.06242512,0.41837084,0.4263321,0.02870918,0.010367912,0.03336309,1
0.012768473,0.014078606,0.8895403,0.016863065,0.011864841,0.021463508,0.033421207,1
0.011443606,0.90942895,0.017447097,0.016598655,0.013593753,0.014209116,0.017278912,1
0.87511176,0.01364491,0.024626981,0.029357769,0.010226006,0.030153336,0.016879167,1
0.6756117,0.007614086,0.105534755,0.100242116,0.019046295,0.053491782,0.03845921,1
0.009785962,0.09374656,0.6211282,0.18228722,0.016100759,0.010060113,0.066891186,1
0.072477356,0.19674551,0.46149462,0.13976374,0.027134456,0.053530037,0.04885429,1
0.0892774,0.0491478,0.53928745,0.015412397,0.02455456,0.018166509,0.26415387,1
0.012740581,0.008935266,0.89086,0.049852382,0.01189187,0.007425299,0.018294642,1
0.2409279,0.06640137,0.092571855,0.020565923,0.38735583,0.16134861,0.030828526,1
0.033870537,0.018083632,0.73473495,0.014753196,0.13360429,0.012727479,0.05222588,1
0.012787747,0.011053609,0.89263207,0.050169535,0.012944409,0.007288588,0.013123957,1
0.008127795,0.017478084,0.79437906,0.12241798,0.013277735,0.007535144,0.036784183,1
0.013380174,0.89980245,0.024570841,0.011519409,0.02327236,0.01066668,0.01678814,1
0.03380022,0.011207976,0.78536785,0.013850031,0.01794161,0.015044359,0.12278792,1
0.0705534,0.84169936,0.01607266,0.017762724,0.013148956,0.011715743,0.029047206,1
0.011371029,0.9130755,0.016555307,0.016010774,0.012356427,0.01026991,0.020361038,1
0.006770929,0.017317444,0.90238005,0.025041955,0.013767396,0.008752383,0.025969818,1
0.05318975,0.037115805,0.034091752,0.02421189,0.023081465,0.80488276,0.023426574,1
0.018308308,0.90717417,0.011411337,0.016919829,0.017929282,0.011063638,0.017193532,1
0.015626237,0.03284579,0.26830238,0.6096694,0.014306863,0.016945915,0.04230348,1
0.022261336,0.033074625,0.037472617,0.85555995,0.026616398,0.014634385,0.010380763,1
0.013398734,0.9136882,0.014638918,0.017288083,0.013393975,0.013117443,0.014474656,1
0.010837382,0.018669896,0.9194686,0.023502264,0.009930095,0.004804727,0.012787074,1
0.009020625,0.015788559,0.913094,0.011678332,0.011097594,0.010670722,0.028650237,1
0.07385441,0.015901865,0.05920427,0.7821658,0.013564765,0.016133463,0.039175395,1
0.031924695,0.032233525,0.037467476,0.016904527,0.023684759,0.022995912,0.8347891,1
0.008878917,0.011629461,0.8900548,0.020971866,0.013433935,0.010220423,0.044810586,1
0.013863561,0.021628415,0.8942315,0.012547404,0.030699782,0.008184492,0.018844716,1
0.05443669,0.105706796,0.320987,0.025592646,0.017407015,0.010940121,0.46492982,1
0.056125946,0.014488724,0.6215126,0.032722924,0.21393882,0.015809478,0.045401577,1
0.008315502,0.013425947,0.92363364,0.020569691,0.009861168,0.008451532,0.015742492,1
0.017890746,0.0337265,0.06482355,0.016320018,0.022855187,0.018678287,0.82570577,1
0.012455365,0.032696936,0.9015988,0.016836602,0.014690885,0.004367117,0.01735426,1
0.01195105,0.9021483,0.034258123,0.01716015,0.01206129,0.009614718,0.012806396,1
0.015769068,0.9128318,0.016346082,0.016506469,0.014226018,0.01141419,0.012906519,1
0.006391465,0.087672986,0.2483859,0.02485593,0.036569063,0.020432916,0.5756918,1
0.29927653,0.019430092,0.157387,0.073084086,0.015417545,0.20699334,0.22841145,1
0.81541437,0.025122914,0.032020368,0.022903077,0.013137942,0.07138804,0.02001335,1
0.010594707,0.013436141,0.9258926,0.020485032,0.009231034,0.007079491,0.013281114,1
0.011733912,0.9006997,0.035011463,0.016937245,0.012478493,0.010296403,0.012842756,1
0.014310397,0.08010571,0.21115385,0.5893463,0.014647411,0.018501483,0.07193488,1
0.03512626,0.025822325,0.05434307,0.01795457,0.82646906,0.01978979,0.020494914,1
0.012406326,0.049814377,0.119815536,0.74062914,0.016624756,0.030315826,0.03039403,1
0.048505224,0.022597816,0.8527985,0.0178855,0.025953952,0.016409302,0.015849635,1
0.04747783,0.010691538,0.11420617,0.03182968,0.5614622,0.0943261,0.14000638,1
0.014587392,0.89930594,0.030913059,0.018544726,0.00839306,0.01343562,0.014820232,1
0.052516796,0.031183323,0.03612715,0.83604723,0.021850336,0.009062151,0.013213078,1
0.010460569,0.015879182,0.92515856,0.014311279,0.010749076,0.009440554,0.014000906,1
0.14089441,0.041501272,0.35885504,0.03702274,0.025867585,0.012189803,0.38366914,1
0.0300306,0.024310414,0.02392886,0.020320626,0.8473053,0.030309848,0.023794297,1
0.007271228,0.014552982,0.92218816,0.017965691,0.011821125,0.008336931,0.017863989,1
0.024144767,0.028331975,0.54349476,0.027643338,0.33142978,0.02385184,0.021103559,1
0.014065149,0.9078758,0.013421123,0.02257245,0.013576187,0.011456351,0.017032886,1
0.03833562,0.08935206,0.087075874,0.11818249,0.011854667,0.26514763,0.39005163,1
0.028284252,0.025781749,0.02626425,0.87838495,0.015115221,0.012607639,0.013561944,1
0.007431916,0.02043153,0.90983266,0.02302853,0.014418058,0.013337335,0.011519969,1
0.011220799,0.9058147,0.016295196,0.01935451,0.013794233,0.015702564,0.01781806,1
0.10273756,0.019871756,0.08764355,0.017422607,0.6818473,0.0581225,0.03235474,1
0.013342086,0.04073605,0.69689155,0.09033594,0.021964718,0.004081077,0.13264863,1
0.014340607,0.02610565,0.90368295,0.01890026,0.010042324,0.009344955,0.017583266,1
0.010384988,0.045567498,0.8784591,0.019728977,0.009338627,0.006278064,0.030242626,1
0.03825734,0.6912668,0.19399622,0.02411187,0.016771706,0.011699425,0.023896553,1
0.015879437,0.022464324,0.091072,0.8268675,0.013591057,0.011149822,0.01897588,1
0.009734537,0.014395614,0.911527,0.011822034,0.025052825,0.010935705,0.016532362,1
0.022516945,0.022726825,0.73070806,0.06609914,0.038234722,0.012358087,0.10735631,1
0.01586965,0.014026684,0.91136163,0.026163049,0.015098712,0.004804245,0.01267598,1
0.0965497,0.018581413,0.024828607,0.020000992,0.030299824,0.71140856,0.09833098,1
0.015319108,0.019909862,0.82737386,0.08360555,0.009612178,0.006688741,0.03749071,1
0.013593937,0.00905153,0.9029889,0.022903023,0.019236876,0.005315044,0.026910767,1
0.020782925,0.024322422,0.043714106,0.8684312,0.017022165,0.012080395,0.013646655,1
0.008230366,0.90019697,0.025294762,0.018516893,0.011872887,0.013137933,0.022750115,1
0.3440948,0.042585533,0.19290617,0.107848234,0.049868315,0.035728976,0.22696798,1
0.26626235,0.032735534,0.21266742,0.05811851,0.025130514,0.061158482,0.34392723,1
0.023940347,0.020464407,0.037869684,0.018500205,0.031028708,0.03398544,0.83421123,1
0.02607851,0.032399356,0.103220515,0.021254439,0.77000254,0.024094049,0.02295052,1
0.019062748,0.009177921,0.92502666,0.016492922,0.010575147,0.00925395,0.010410699,1
0.06669,0.017515214,0.07232331,0.020035295,0.7720112,0.03269871,0.018726397,1
0.032433756,0.02220715,0.08829678,0.76589614,0.06494022,0.01329497,0.012930995,1
0.04144503,0.030739104,0.057991654,0.046694323,0.02114914,0.015848627,0.78613216,1
0.019602295,0.018837914,0.4077728,0.5034993,0.019021263,0.014792353,0.016474057,1
0.5044985,0.013697224,0.07731586,0.020462828,0.032823928,0.30098698,0.05021462,1
0.01214067,0.023577875,0.8418917,0.04125708,0.012526916,0.006146141,0.0624596,1
0.015483759,0.91095495,0.013254967,0.014794481,0.015338574,0.011750476,0.018422734,1
0.035436034,0.047517568,0.1217934,0.01702425,0.019195884,0.01613734,0.7428955,1
0.016037159,0.8696457,0.012329101,0.026026983,0.02869568,0.034555864,0.012709373,1
0.023502653,0.018184144,0.030390956,0.8735467,0.014582686,0.020801919,0.018990915,1
0.011810916,0.8920084,0.026516423,0.016006455,0.016169114,0.016073104,0.021415602,1
0.018160991,0.021919256,0.124562465,0.78878176,0.018699339,0.007574716,0.020301536,1
0.010821244,0.9035657,0.030977516,0.015872823,0.012125866,0.008616944,0.018019952,1
0.007420705,0.031041533,0.8993542,0.020075163,0.012747893,0.010751938,0.01860867,1
0.79491776,0.08338581,0.029474286,0.044587996,0.017966358,0.015834393,0.013833446,1
0.04036452,0.02599594,0.26864257,0.07106606,0.13976613,0.023317192,0.43084762,1
0.05271468,0.03809225,0.13190156,0.014903524,0.02132874,0.026889088,0.7141701,1
0.048423156,0.44946113,0.014745311,0.04490846,0.37093246,0.03176427,0.03976519,1
0.011384675,0.9146021,0.015964495,0.016780246,0.013935659,0.011874361,0.015458444,1
0.012690847,0.91277385,0.014045257,0.016165143,0.013909122,0.013063993,0.017351927,1
0.14739044,0.028104758,0.52228504,0.02448408,0.23223273,0.027485607,0.018017251,1
0.7187088,0.067058444,0.014167154,0.028503615,0.03856245,0.031038826,0.10196072,1
0.020712772,0.014330293,0.8915375,0.015927793,0.014781709,0.008420746,0.034289334,1
0.81676954,0.02444889,0.07407283,0.03230398,0.014750752,0.028578157,0.009075792,1
0.0877845,0.018442988,0.017719254,0.047545623,0.03420137,0.7570807,0.037225626,1
0.2932076,0.017954849,0.06694795,0.09336448,0.047247965,0.45946664,0.021810597,1
0.013501568,0.024928654,0.65162766,0.25170416,0.016696934,0.006775216,0.034765907,1
0.013051148,0.031944804,0.08922335,0.026996024,0.031154739,0.03150071,0.77612925,1
0.012577036,0.013883128,0.85125697,0.06542685,0.015618083,0.004559963,0.03667793,1
0.016617019,0.012847368,0.8998913,0.020426335,0.024838265,0.00558773,0.019791963,1
0.005276057,0.30070344,0.34888107,0.05832839,0.08124921,0.01495131,0.19061053,1
0.021692416,0.06982869,0.31834832,0.23411243,0.21386735,0.030397873,0.111752994,1
0.029419549,0.025358655,0.7914686,0.10038746,0.014338199,0.00648022,0.032547344,1
0.065096214,0.017646564,0.7859718,0.022956518,0.024711953,0.053526506,0.030090367,1
0.010068545,0.89650196,0.018020919,0.0205287,0.025272854,0.015887443,0.013719487,1
0.011364148,0.07892697,0.11247273,0.040373538,0.0620743,0.30709314,0.38769513,1
0.013375442,0.022802798,0.8906321,0.026248889,0.012603258,0.004094773,0.03024293,1
0.8280694,0.031910975,0.013767161,0.041104846,0.02947107,0.03666722,0.019009367,1
0.020099957,0.030878272,0.049302652,0.025705755,0.019775229,0.017215796,0.83702236,1
0.10985651,0.017715903,0.07681092,0.033702277,0.7015451,0.037123576,0.023245657,1
0.4167374,0.05037117,0.006895059,0.0447331,0.051341463,0.373167,0.056754865,1
0.85976195,0.03564525,0.024772858,0.020314556,0.014077757,0.033739105,0.011688503,1
0.01580711,0.9093884,0.016211431,0.016271302,0.015895054,0.013034353,0.013392204,1
0.013644424,0.061429605,0.14431977,0.025151104,0.015312088,0.013315326,0.7268277,1
0.038072564,0.011682194,0.2908742,0.57077324,0.018585196,0.045741137,0.024271473,1
0.02413134,0.023861509,0.03074982,0.039514177,0.83210385,0.027626866,0.02201243,1
0.036882784,0.8818964,0.0185192,0.014438451,0.020225314,0.015281204,0.012756685,1
0.031136988,0.026869772,0.05256492,0.7946471,0.019845981,0.06599253,0.008942708,1
0.040089194,0.047088943,0.10811032,0.01953226,0.028654506,0.1589964,0.5975284,1
0.009500039,0.014301391,0.9085777,0.022228237,0.011831974,0.006767102,0.02679361,1
0.031491883,0.019856468,0.045443576,0.02680928,0.02151719,0.024042688,0.83083886,1
0.012948878,0.019335466,0.8320408,0.08872554,0.007940244,0.008575876,0.030433144,1
0.7995971,0.062050123,0.032467127,0.06013343,0.017478777,0.018610178,0.009663266,1
0.013988609,0.010787156,0.9253444,0.021228507,0.009937773,0.004897478,0.013816007,1
0.024338327,0.03834791,0.063748464,0.027402524,0.018262617,0.03367215,0.79422796,1
0.040476322,0.014933202,0.02760704,0.8592108,0.017846817,0.027056241,0.012869627,1
0.018433692,0.009758681,0.9106238,0.014903674,0.01590302,0.006421089,0.02395604,1
0.011154342,0.9023853,0.016404008,0.022208516,0.012343981,0.012322334,0.023181543,1
0.70293796,0.08516487,0.01361931,0.0252869,0.029991029,0.07081846,0.072181426,1
0.15089978,0.033776302,0.0334031,0.06630988,0.020592703,0.12649329,0.568525,1
0.020323005,0.013976957,0.65521836,0.015044802,0.21961425,0.011599333,0.06422333,1
0.16501597,0.0343957,0.029977212,0.023077503,0.020297624,0.07224618,0.65498984,1
0.011117476,0.025421299,0.895867,0.023237,0.01348847,0.007206008,0.023662759,1
0.03575433,0.03172878,0.055651765,0.012536422,0.76972777,0.055341054,0.039259855,1
0.009116316,0.015230469,0.90537614,0.02683925,0.008967926,0.005977611,0.028492104,1
0.009918818,0.908261,0.019036619,0.018309115,0.012330979,0.014827548,0.017315893,1
0.12647592,0.03875767,0.46027276,0.12262369,0.22674733,0.014087011,0.011035634,1
0.024203263,0.050548617,0.6785019,0.064655714,0.010828324,0.006946583,0.16431563,1
0.30131045,0.016410574,0.08681905,0.41967082,0.018890388,0.1389552,0.017943485,1
0.03307345,0.022237152,0.024632705,0.87586504,0.016756972,0.011342569,0.016092071,1
0.04029846,0.058593035,0.23586494,0.2606626,0.19921677,0.08534925,0.120015,1
0.005830443,0.07494752,0.5879754,0.04497313,0.04455935,0.01551249,0.22620165,1
0.05177697,0.014325152,0.05273192,0.045981348,0.7899664,0.022611665,0.022606567,1
0.01072704,0.013856597,0.91548276,0.008928197,0.013342991,0.009075358,0.028587066,1
0.015303009,0.011542143,0.9083259,0.03577424,0.01286087,0.004553115,0.011640783,1
0.071334146,0.018916966,0.43382385,0.022492023,0.4172094,0.014788947,0.021434654,1
0.011586502,0.9064248,0.014503432,0.021659492,0.015253251,0.011383999,0.0191885,1
0.054697786,0.01753853,0.065737374,0.81825954,0.019854417,0.013167387,0.010744982,1
0.014920495,0.88828254,0.011791501,0.018676572,0.027878093,0.014179756,0.024271002,1
0.6517474,0.030496582,0.04004391,0.026978998,0.033505563,0.20127645,0.015951214,1
0.021389669,0.020918882,0.04269835,0.86119556,0.018725304,0.010368177,0.024703963,1
0.04316048,0.06583461,0.3183234,0.017952638,0.08246267,0.008821101,0.46344507,1
0.016054379,0.026953192,0.89037645,0.013425063,0.024191432,0.009716653,0.019282721,1
0.012273172,0.90688115,0.014575914,0.01678504,0.022956688,0.012397238,0.014130794,1
0.016272645,0.023653386,0.37524322,0.5259169,0.017423067,0.009646755,0.031843986,1
0.40787923,0.016666528,0.042899877,0.42169458,0.031689923,0.04923625,0.02993358,1
0.008071049,0.016040808,0.9223108,0.014950165,0.01848826,0.006058086,0.014080738,1
0.06916806,0.030327098,0.6652828,0.11479049,0.03132775,0.021752395,0.06735147,1
0.44520587,0.03163557,0.074545525,0.37910777,0.033024516,0.023285454,0.013195392,1
0.0213836,0.9007493,0.01953634,0.017286321,0.014973546,0.011057016,0.015014026,1
0.017089302,0.03686916,0.29957497,0.5779905,0.04069242,0.009213062,0.018570624,1
0.02652634,0.021165201,0.033713724,0.04059812,0.82170266,0.01520022,0.041093763,1
0.011913502,0.10145256,0.26988927,0.4904012,0.07341636,0.017659726,0.035267446,1
0.013358516,0.91256076,0.015455165,0.013145217,0.012730178,0.012846164,0.019903908,1
0.013375779,0.02291124,0.102885254,0.81217194,0.017304488,0.012280376,0.019071007,1
0.012392023,0.8749238,0.048864912,0.026220206,0.012483968,0.007797464,0.017317645,1
0.14249156,0.021157367,0.18027273,0.03695212,0.073342875,0.11206152,0.43372187,1
0.046316996,0.0234813,0.05324764,0.8353337,0.008877764,0.013282458,0.019460183,1
0.038866997,0.017298855,0.06673794,0.8374239,0.014629542,0.012840309,0.012202458,1
0.022645658,0.89350307,0.016378144,0.02623585,0.018023735,0.013193204,0.010020319,1
0.018751035,0.908848,0.016737888,0.013701675,0.014872099,0.011701616,0.015387493,1
0.036554616,0.031756908,0.02884745,0.035290953,0.82448465,0.024841068,0.01822437,1
0.040590663,0.013257003,0.06980466,0.018732976,0.7781271,0.029811395,0.049676266,1
0.00900182,0.022239655,0.91344625,0.014701075,0.013234797,0.006755755,0.020620724,1
0.010414341,0.82043874,0.068984225,0.017157178,0.0461235,0.016962565,0.01991946,1
0.008186367,0.061622694,0.76443654,0.10087031,0.018883104,0.00567805,0.04032282,1
0.01244561,0.05368618,0.16403337,0.67624223,0.015929628,0.030432126,0.047230843,1
0.034414932,0.035160363,0.08774908,0.01764691,0.78612566,0.017736595,0.021166382,1
0.046305705,0.01269865,0.8593157,0.03802907,0.008958332,0.010454286,0.024238367,1
0.044042002,0.029438922,0.049789093,0.020732645,0.031436324,0.07094887,0.7536121,1
0.023119124,0.021811286,0.023966186,0.87562525,0.021974191,0.018540787,0.014963184,1
0.021064801,0.04112656,0.05246225,0.026227122,0.7489982,0.04352551,0.06659551,1
0.014074656,0.010687892,0.8381462,0.037454072,0.048310667,0.010654806,0.040671576,1
0.7824702,0.012764921,0.1071312,0.03794702,0.01709679,0.024768433,0.017821355,1
0.6523374,0.01675933,0.018218078,0.16587575,0.044973023,0.05641007,0.045426406,1
0.08007502,0.04540517,0.12386636,0.009421036,0.06057979,0.13210703,0.5485456,1
0.035370614,0.027433956,0.16183187,0.012153328,0.68654066,0.016988045,0.059681583,1
0.01885655,0.02350425,0.038956095,0.86696935,0.021435352,0.014390986,0.01588738,1
0.8663284,0.014631029,0.028704582,0.04147827,0.011119083,0.025983743,0.011754888,1
0.047233187,0.033955354,0.040157747,0.027522812,0.020553095,0.029619047,0.8009588,1
0.10207336,0.006814721,0.69988585,0.036080588,0.020284597,0.06870992,0.0661509,1
0.01629593,0.8967226,0.01722901,0.022960749,0.01351796,0.011776813,0.02149686,1
0.022483308,0.02530246,0.10493036,0.78265053,0.015918849,0.007447016,0.041267492,1
0.010416051,0.013595305,0.87059295,0.064263046,0.013451486,0.010793209,0.016887957,1
0.016604602,0.908888,0.01688059,0.015732536,0.016760312,0.012793554,0.012340439,1
0.009702123,0.019630296,0.8615137,0.059659958,0.01105726,0.006603996,0.031832848,1
0.027527314,0.022576319,0.7250153,0.17114946,0.026662588,0.018196642,0.008872325,1
0.01883142,0.90743023,0.018275823,0.012744301,0.015611517,0.010775302,0.016331531,1
0.007224081,0.047235437,0.7805472,0.053837366,0.013472928,0.01595131,0.08173169,1
0.03548862,0.013381844,0.87353635,0.009508902,0.011075323,0.011485369,0.045523625,1
0.012607524,0.9037744,0.011540658,0.01690382,0.02164835,0.016123308,0.017401736,1
0.042112894,0.018981805,0.05785303,0.8327272,0.02101067,0.009465317,0.017849276,1
0.05829708,0.0380394,0.71030015,0.043218896,0.01493235,0.02051236,0.11469973,1
0.7691326,0.008924162,0.10315341,0.029028095,0.033117726,0.028735919,0.027908074,1
